OID,Hotspot Dataset Object ID,Public Space (Open Space) Name,Public Space (Open Space) Proximity,Borough Name,Neighborhood Tabulation Area Code (NTA CODE),Neighborhood Tabulation Area Name (NTA NAME),Number of Access Points per Public Space (Open Space),Provider,SSID,Latitude,Longitude,Published Date
1,1400,Abe Stark Skating Rink,Inside,Brooklyn,BK21,Seagate-Coney Island,6,ALTICEUSA,GuestWiFi,40.57278,-73.98563,05/30/2019
2,1401,Abe Stark Skating Rink,Inside,Brooklyn,BK21,Seagate-Coney Island,6,ALTICEUSA,GuestWiFi,40.57267,-73.98562,05/30/2019
3,1402,Abe Stark Skating Rink,Inside,Brooklyn,BK21,Seagate-Coney Island,6,ALTICEUSA,GuestWiFi,40.57267,-73.98562,05/30/2019
4,1403,Abe Stark Skating Rink,Inside,Brooklyn,BK21,Seagate-Coney Island,6,ALTICEUSA,GuestWiFi,40.57267,-73.98575,05/30/2019
5,1404,Abe Stark Skating Rink,Inside,Brooklyn,BK21,Seagate-Coney Island,6,ALTICEUSA,GuestWiFi,40.57267,-73.98575,05/30/2019
6,1405,Abe Stark Skating Rink,Inside,Brooklyn,BK21,Seagate-Coney Island,6,ALTICEUSA,GuestWiFi,40.57266,-73.98604,05/30/2019
7,1750,Alfred E. Smith Playground,Inside,Manhattan,MN27,Chinatown,8,SPECTRUM,GuestWiFi,40.71025,-73.99798,05/30/2019
8,1751,Alfred E. Smith Playground,Inside,Manhattan,MN27,Chinatown,8,SPECTRUM,GuestWiFi,40.71025,-73.99798,05/30/2019
9,1752,Alfred E. Smith Playground,Inside,Manhattan,MN27,Chinatown,8,SPECTRUM,GuestWiFi,40.71025,-73.99798,05/30/2019
10,1753,Alfred E. Smith Playground,Inside,Manhattan,MN27,Chinatown,8,SPECTRUM,GuestWiFi,40.71025,-73.99798,05/30/2019
11,2103,Alfred E. Smith Playground,Inside,Manhattan,MN27,Chinatown,8,SPECTRUM,GuestWiFi,40.71025,-73.99798,05/30/2019
12,1345,Alfred E. Smith Playground,Inside,Manhattan,MN27,Chinatown,8,SPECTRUM,GuestWiFi,40.71025,-73.99798,05/30/2019
13,1346,Alfred E. Smith Playground,Inside,Manhattan,MN27,Chinatown,8,SPECTRUM,GuestWiFi,40.71025,-73.99798,05/30/2019
14,1747,Alfred E. Smith Playground,Inside,Manhattan,MN27,Chinatown,8,SPECTRUM,GuestWiFi,40.71025,-73.99798,05/30/2019
15,2119,Alley Athletic Playground,Inside,Queens,QN43,Bellerose,6,SPECTRUM,GuestWiFi,40.73915,-73.73772,05/30/2019
16,1754,Alley Athletic Playground,Inside,Queens,QN43,Bellerose,6,SPECTRUM,GuestWiFi,40.73935,-73.73682,05/30/2019
17,1755,Alley Athletic Playground,Inside,Queens,QN43,Bellerose,6,SPECTRUM,GuestWiFi,40.73955,-73.73592,05/30/2019
18,1756,Alley Athletic Playground,Inside,Queens,QN43,Bellerose,6,SPECTRUM,GuestWiFi,40.73974,-73.73504,05/30/2019
19,1757,Alley Athletic Playground,Inside,Queens,QN43,Bellerose,6,SPECTRUM,GuestWiFi,40.73991,-73.73458,05/30/2019
20,1760,Alley Athletic Playground,Inside,Queens,QN43,Bellerose,6,SPECTRUM,GuestWiFi,40.74021,-73.73431,05/30/2019
21,1386,Asser Levy Park,Inside,Brooklyn,BK21,Seagate-Coney Island,3,ALTICEUSA,GuestWiFi,40.57353,-73.97756,05/30/2019
22,1387,Asser Levy Park,Inside,Brooklyn,BK21,Seagate-Coney Island,3,ALTICEUSA,GuestWiFi,40.57355,-73.97737,05/30/2019
23,1388,Asser Levy Park,Inside,Brooklyn,BK21,Seagate-Coney Island,3,ALTICEUSA,GuestWiFi,40.57355,-73.97737,05/30/2019
24,135,Astoria Park,Inside,Queens,QN99,park-cemetery-etc-Queens,1,AT&T,attwifi,40.777,-73.9252,05/30/2019
25,976,Baisley Pond Park,Inside,Queens,QN76,Baisley Park,3,SPECTRUM,GuestWiFi,40.67934,-73.78444,05/30/2019
26,977,Baisley Pond Park,Inside,Queens,QN76,Baisley Park,3,SPECTRUM,GuestWiFi,40.68079,-73.78468,05/30/2019
27,969,Baisley Pond Park,Inside,Queens,QN76,Baisley Park,3,SPECTRUM,GuestWiFi,40.68301,-73.78482,05/30/2019
28,1758,Battery Park,Inside,Manhattan,MN99,park-cemetery-etc-Manhattan,2,AT&T,attwifi,40.7016,-74.0149,05/30/2019
29,1759,Battery Park,Inside,Manhattan,MN99,park-cemetery-etc-Manhattan,2,AT&T,attwifi,40.703,-74.0168,05/30/2019
30,1354,Bensonhurst Park,Inside,Brooklyn,BK27,Bath Beach,6,ALTICEUSA,GuestWiFi,40.5977,-74.00027,05/30/2019
31,1355,Bensonhurst Park,Inside,Brooklyn,BK27,Bath Beach,6,ALTICEUSA,GuestWiFi,40.59759,-74.00111,05/30/2019
32,1356,Bensonhurst Park,Inside,Brooklyn,BK27,Bath Beach,6,ALTICEUSA,GuestWiFi,40.59718,-74.00028,05/30/2019
33,1357,Bensonhurst Park,Inside,Brooklyn,BK27,Bath Beach,6,ALTICEUSA,GuestWiFi,40.59715,-73.99968,05/30/2019
34,1358,Bensonhurst Park,Inside,Brooklyn,BK27,Bath Beach,6,ALTICEUSA,GuestWiFi,40.59716,-74.00136,05/30/2019
35,1359,Bensonhurst Park,Inside,Brooklyn,BK27,Bath Beach,6,ALTICEUSA,GuestWiFi,40.59815,-74.00114,05/30/2019
36,825,Blood Root Valley,Inside,Staten Island,SI05,New Springville-Bloomfield-Travis,5,SPECTRUM,GuestWiFi,40.59205,-74.13909,05/30/2019
37,826,Blood Root Valley,Inside,Staten Island,SI05,New Springville-Bloomfield-Travis,5,SPECTRUM,GuestWiFi,40.5919,-74.13857,05/30/2019
38,827,Blood Root Valley,Inside,Staten Island,SI05,New Springville-Bloomfield-Travis,5,SPECTRUM,GuestWiFi,40.59202,-74.13806,05/30/2019
39,828,Blood Root Valley,Inside,Staten Island,SI05,New Springville-Bloomfield-Travis,5,SPECTRUM,GuestWiFi,40.59185,-74.13915,05/30/2019
40,829,Blood Root Valley,Inside,Staten Island,SI05,New Springville-Bloomfield-Travis,5,SPECTRUM,GuestWiFi,40.59203,-74.13812,05/30/2019
41,1361,Bronx Park,Inside,Bronx,BX99,park-cemetery-etc-Bronx,1,ALTICEUSA,GuestWiFi,40.85398,-73.87047,05/30/2019
42,1360,Bronx River Parkway,Inside,Bronx,BX99,park-cemetery-etc-Bronx,1,ALTICEUSA,GuestWiFi,40.87301,-73.87135,05/30/2019
43,1646,Brooklyn Bridge Park,Inside,Manhattan,MN99,park-cemetery-etc-Manhattan,1,AT&T,attwifi,40.693,-74.0019,05/30/2019
44,1767,Brooklyn Heights Promenade,Inside,Brooklyn,BK09,Brooklyn Heights-Cobble Hill,6,SPECTRUM,GuestWiFi,40.6981,-73.99694,05/30/2019
45,1763,Brooklyn Heights Promenade,Inside,Brooklyn,BK09,Brooklyn Heights-Cobble Hill,6,SPECTRUM,GuestWiFi,40.69667,-73.99766,05/30/2019
46,1764,Brooklyn Heights Promenade,Inside,Brooklyn,BK09,Brooklyn Heights-Cobble Hill,6,SPECTRUM,GuestWiFi,40.69699,-73.99749,05/30/2019
47,1765,Brooklyn Heights Promenade,Inside,Brooklyn,BK09,Brooklyn Heights-Cobble Hill,6,SPECTRUM,GuestWiFi,40.69734,-73.99733,05/30/2019
48,1766,Brooklyn Heights Promenade,Inside,Brooklyn,BK09,Brooklyn Heights-Cobble Hill,6,SPECTRUM,GuestWiFi,40.69767,-73.99718,05/30/2019
49,1634,Brooklyn Heights Promenade,Inside,Brooklyn,BK09,Brooklyn Heights-Cobble Hill,6,AT&T,attwifi,40.6943,-73.9988,05/30/2019
50,1364,Brownsville Playground,Inside,Brooklyn,BK81,Brownsville,5,ALTICEUSA,GuestWiFi,40.6567,-73.9028,05/30/2019
51,1365,Brownsville Playground,Inside,Brooklyn,BK81,Brownsville,5,ALTICEUSA,GuestWiFi,40.6564,-73.9027,05/30/2019
52,1366,Brownsville Playground,Inside,Brooklyn,BK81,Brownsville,5,ALTICEUSA,GuestWiFi,40.6561,-73.9025,05/30/2019
53,1367,Brownsville Playground,Inside,Brooklyn,BK81,Brownsville,5,ALTICEUSA,GuestWiFi,40.6562,-73.90257,05/30/2019
54,1368,Brownsville Playground,Inside,Brooklyn,BK81,Brownsville,5,ALTICEUSA,GuestWiFi,40.6561,-73.90276,05/30/2019
55,1638,Bryant Park,Inside,Manhattan,MN17,Midtown-Midtown South,2,SPECTRUM,GuestWiFi,40.75278,-73.98164,05/30/2019
56,1645,Bryant Park,Inside,Manhattan,MN17,Midtown-Midtown South,2,Partner,BryantPark.org,40.7538,-73.9833,05/30/2019
57,1768,Cadman Plaza Park,Inside,Brooklyn,BK38,DUMBO-Vinegar Hill-Downtown Brooklyn-Boerum Hill,1,SPECTRUM,GuestWiFi,40.69673,-73.99035,05/30/2019
58,1739,Central Park,Inside,Manhattan,MN99,park-cemetery-etc-Manhattan,4,AT&T,attwifi,40.7721,-73.9771,05/30/2019
59,1740,Central Park,Inside,Manhattan,MN99,park-cemetery-etc-Manhattan,4,AT&T,attwifi,40.768,-73.9712,05/30/2019
60,943,Central Park,Inside,Manhattan,MN99,park-cemetery-etc-Manhattan,4,AT&T,attwifi,40.7729,-73.974,05/30/2019
61,944,Central Park,Inside,Manhattan,MN99,park-cemetery-etc-Manhattan,4,AT&T,attwifi,40.771,-73.9709,05/30/2019
62,1774,Chelsea Recreation Center,Inside,Manhattan,MN13,Hudson Yards-Chelsea-Flatiron-Union Square,5,SPECTRUM,GuestWiFi,40.74827,-74.00207,05/30/2019
63,1775,Chelsea Recreation Center,Inside,Manhattan,MN13,Hudson Yards-Chelsea-Flatiron-Union Square,5,SPECTRUM,GuestWiFi,40.74827,-74.00207,05/30/2019
64,1776,Chelsea Recreation Center,Inside,Manhattan,MN13,Hudson Yards-Chelsea-Flatiron-Union Square,5,SPECTRUM,GuestWiFi,40.74827,-74.00207,05/30/2019
65,1777,Chelsea Recreation Center,Inside,Manhattan,MN13,Hudson Yards-Chelsea-Flatiron-Union Square,5,SPECTRUM,GuestWiFi,40.74827,-74.00207,05/30/2019
66,1778,Chelsea Recreation Center,Inside,Manhattan,MN13,Hudson Yards-Chelsea-Flatiron-Union Square,5,SPECTRUM,GuestWiFi,40.74827,-74.00207,05/30/2019
67,1779,City Hall Park,Inside,Manhattan,MN24,SoHo-TriBeCa-Civic Center-Little Italy,1,SPECTRUM,GuestWiFi,40.71231,-74.00696,05/30/2019
68,1377,Claremont Park,Inside,Bronx,BX99,park-cemetery-etc-Bronx,5,ALTICEUSA,GuestWiFi,40.83814,-73.90834,05/30/2019
69,1373,Claremont Park,Inside,Bronx,BX99,park-cemetery-etc-Bronx,5,ALTICEUSA,GuestWiFi,40.84112,-73.90548,05/30/2019
70,1374,Claremont Park,Inside,Bronx,BX99,park-cemetery-etc-Bronx,5,ALTICEUSA,GuestWiFi,40.8416,-73.9071,05/30/2019
71,1375,Claremont Park,Inside,Bronx,BX99,park-cemetery-etc-Bronx,5,ALTICEUSA,GuestWiFi,40.84122,-73.90678,05/30/2019
72,1376,Claremont Park,Inside,Bronx,BX99,park-cemetery-etc-Bronx,5,ALTICEUSA,GuestWiFi,40.8377,-73.90848,05/30/2019
73,137,Clove Lakes Park,Inside,Staten Island,SI07,Westerleigh,7,AT&T,attwifi,40.6173,-74.1063,05/30/2019
74,890,Clove Lakes Park,Inside,Staten Island,SI07,Westerleigh,7,SPECTRUM,GuestWiFi,40.61775,-74.10819,05/30/2019
75,891,Clove Lakes Park,Inside,Staten Island,SI07,Westerleigh,7,SPECTRUM,GuestWiFi,40.61775,-74.10819,05/30/2019
76,1781,Clove Lakes Park,Inside,Staten Island,SI07,Westerleigh,7,SPECTRUM,GuestWiFi,40.61806,-74.10819,05/30/2019
77,458,Clove Lakes Park,Inside,Staten Island,SI07,Westerleigh,7,SPECTRUM,GuestWiFi,40.61824,-74.10721,05/30/2019
78,459,Clove Lakes Park,Inside,Staten Island,SI07,Westerleigh,7,SPECTRUM,GuestWiFi,40.61824,-74.10721,05/30/2019
79,460,Clove Lakes Park,Inside,Staten Island,SI07,Westerleigh,7,SPECTRUM,GuestWiFi,40.61824,-74.10721,05/30/2019
80,805,Coffey Park,Inside,Brooklyn,BK33,Carroll Gardens-Columbia Street-Red Hook,4,SPECTRUM,GuestWiFi,40.67719,-74.00872,05/30/2019
81,806,Coffey Park,Inside,Brooklyn,BK33,Carroll Gardens-Columbia Street-Red Hook,4,SPECTRUM,GuestWiFi,40.67719,-74.00872,05/30/2019
82,807,Coffey Park,Inside,Brooklyn,BK33,Carroll Gardens-Columbia Street-Red Hook,4,SPECTRUM,GuestWiFi,40.67719,-74.00872,05/30/2019
83,461,Coffey Park,Inside,Brooklyn,BK33,Carroll Gardens-Columbia Street-Red Hook,4,SPECTRUM,GuestWiFi,40.67719,-74.00872,05/30/2019
84,1591,Crotona Park,Inside,Bronx,BX99,park-cemetery-etc-Bronx,16,ALTICEUSA,GuestWiFi,40.84071,-73.89605,05/30/2019
85,1408,Crotona Park,Inside,Bronx,BX99,park-cemetery-etc-Bronx,16,ALTICEUSA,GuestWiFi,40.83569,-73.90009,05/30/2019
86,2106,Crotona Park,Inside,Bronx,BX99,park-cemetery-etc-Bronx,16,ALTICEUSA,GuestWiFi,40.83697,-73.89377,05/30/2019
87,1409,Crotona Park,Inside,Bronx,BX99,park-cemetery-etc-Bronx,16,ALTICEUSA,GuestWiFi,40.83666,-73.89498,05/30/2019
88,1410,Crotona Park,Inside,Bronx,BX99,park-cemetery-etc-Bronx,16,ALTICEUSA,GuestWiFi,40.83712,-73.89331,05/30/2019
89,1411,Crotona Park,Inside,Bronx,BX99,park-cemetery-etc-Bronx,16,ALTICEUSA,GuestWiFi,40.8375,-73.89489,05/30/2019
90,1412,Crotona Park,Inside,Bronx,BX99,park-cemetery-etc-Bronx,16,ALTICEUSA,GuestWiFi,40.83754,-73.89366,05/30/2019
91,2123,Crotona Park,Inside,Bronx,BX99,park-cemetery-etc-Bronx,16,ALTICEUSA,GuestWiFi,40.83718,-73.89039,05/30/2019
92,1413,Crotona Park,Inside,Bronx,BX99,park-cemetery-etc-Bronx,16,ALTICEUSA,GuestWiFi,40.8377,-73.89038,05/30/2019
93,1414,Crotona Park,Inside,Bronx,BX99,park-cemetery-etc-Bronx,16,ALTICEUSA,GuestWiFi,40.83806,-73.89348,05/30/2019
94,1415,Crotona Park,Inside,Bronx,BX99,park-cemetery-etc-Bronx,16,ALTICEUSA,GuestWiFi,40.83822,-73.89339,05/30/2019
95,1416,Crotona Park,Inside,Bronx,BX99,park-cemetery-etc-Bronx,16,ALTICEUSA,GuestWiFi,40.83899,-73.88871,05/30/2019
96,1417,Crotona Park,Inside,Bronx,BX99,park-cemetery-etc-Bronx,16,ALTICEUSA,GuestWiFi,40.83899,-73.88871,05/30/2019
97,1420,Crotona Park,Inside,Bronx,BX99,park-cemetery-etc-Bronx,16,ALTICEUSA,GuestWiFi,40.83989,-73.89537,05/30/2019
98,1421,Crotona Park,Inside,Bronx,BX99,park-cemetery-etc-Bronx,16,ALTICEUSA,GuestWiFi,40.84011,-73.89522,05/30/2019
99,1422,Crotona Park,Inside,Bronx,BX99,park-cemetery-etc-Bronx,16,ALTICEUSA,GuestWiFi,40.84053,-73.89517,05/30/2019
100,813,Cunningham Park,Inside,Queens,QN99,park-cemetery-etc-Queens,3,SPECTRUM,GuestWiFi,40.72987,-73.77384,05/30/2019
101,810,Cunningham Park,Inside,Queens,QN99,park-cemetery-etc-Queens,3,SPECTRUM,GuestWiFi,40.73012,-73.77386,05/30/2019
102,811,Cunningham Park,Inside,Queens,QN99,park-cemetery-etc-Queens,3,SPECTRUM,GuestWiFi,40.73012,-73.77386,05/30/2019
103,970,Devoe Park,Inside,Bronx,BX30,Kingsbridge Heights,1,AT&T,attwifi,40.8631,-73.9065,05/30/2019
104,815,Dyker Beach Park,Inside,Brooklyn,BK99,park-cemetery-etc-Brooklyn,1,SPECTRUM,GuestWiFi,40.61299,-74.01292,05/30/2019
105,21,East Parade Grounds,Inside,Brooklyn,BK99,park-cemetery-etc-Brooklyn,1,ALTICEUSA,GuestWiFi,40.6507,-73.96584,05/30/2019
106,1604,Ferry Point Park,Inside,Bronx,BX52,Schuylerville-Throgs Neck-Edgewater Park,2,ALTICEUSA,GuestWiFi,40.81535,-73.83767,05/30/2019
107,1605,Ferry Point Park,Inside,Bronx,BX52,Schuylerville-Throgs Neck-Edgewater Park,2,ALTICEUSA,GuestWiFi,40.81641,-73.834,05/30/2019
108,148,Flushing Meadows Corona Park,Inside,Queens,QN99,park-cemetery-etc-Queens,1,AT&T,attwifi,40.7432,-73.8443,05/30/2019
109,1192,Forest Park,Inside,Queens,QN60,Kew Gardens,3,SPECTRUM,GuestWiFi,40.71082,-73.83553,05/30/2019
110,1193,Forest Park,Inside,Queens,QN60,Kew Gardens,3,SPECTRUM,GuestWiFi,40.70977,-73.8356,05/30/2019
111,1194,Forest Park,Inside,Queens,QN60,Kew Gardens,3,SPECTRUM,GuestWiFi,40.71069,-73.83552,05/30/2019
112,930,Fort Greene Park,Inside,Brooklyn,BK68,Fort Greene,1,AT&T,attwifi,40.6915,-73.9755,05/30/2019
113,1190,Franklin D. Roosevelt Boardwalk and Beach,Inside,Staten Island,SI36,Old Town-Dongan Hills-South Beach,16,SPECTRUM,GuestWiFi,40.57958,-74.07636,05/30/2019
114,1191,Franklin D. Roosevelt Boardwalk and Beach,Inside,Staten Island,SI36,Old Town-Dongan Hills-South Beach,16,SPECTRUM,GuestWiFi,40.57999,-74.0759,05/30/2019
115,1183,Franklin D. Roosevelt Boardwalk and Beach,Inside,Staten Island,SI36,Old Town-Dongan Hills-South Beach,16,SPECTRUM,GuestWiFi,40.57508,-74.08168,05/30/2019
116,1184,Franklin D. Roosevelt Boardwalk and Beach,Inside,Staten Island,SI36,Old Town-Dongan Hills-South Beach,16,SPECTRUM,GuestWiFi,40.57575,-74.08068,05/30/2019
117,1185,Franklin D. Roosevelt Boardwalk and Beach,Inside,Staten Island,SI36,Old Town-Dongan Hills-South Beach,16,SPECTRUM,GuestWiFi,40.57624,-74.07999,05/30/2019
118,145,Franklin D. Roosevelt Boardwalk and Beach,Inside,Staten Island,SI36,Old Town-Dongan Hills-South Beach,16,AT&T,attwifi,40.589,-74.0667,05/30/2019
119,1186,Franklin D. Roosevelt Boardwalk and Beach,Inside,Staten Island,SI36,Old Town-Dongan Hills-South Beach,16,SPECTRUM,GuestWiFi,40.57648,-74.07962,05/30/2019
120,1187,Franklin D. Roosevelt Boardwalk and Beach,Inside,Staten Island,SI36,Old Town-Dongan Hills-South Beach,16,SPECTRUM,GuestWiFi,40.57722,-74.07858,05/30/2019
121,908,Franklin D. Roosevelt Boardwalk and Beach,Inside,Staten Island,SI36,Old Town-Dongan Hills-South Beach,16,SPECTRUM,GuestWiFi,40.57231,-74.08601,05/30/2019
122,1188,Franklin D. Roosevelt Boardwalk and Beach,Inside,Staten Island,SI36,Old Town-Dongan Hills-South Beach,16,SPECTRUM,GuestWiFi,40.57777,-74.07799,05/30/2019
123,909,Franklin D. Roosevelt Boardwalk and Beach,Inside,Staten Island,SI36,Old Town-Dongan Hills-South Beach,16,SPECTRUM,GuestWiFi,40.57334,-74.08441,05/30/2019
124,1189,Franklin D. Roosevelt Boardwalk and Beach,Inside,Staten Island,SI36,Old Town-Dongan Hills-South Beach,16,SPECTRUM,GuestWiFi,40.57863,-74.0768,05/30/2019
125,904,Franklin D. Roosevelt Boardwalk and Beach,Inside,Staten Island,SI45,New Dorp-Midland Beach,16,SPECTRUM,GuestWiFi,40.56837,-74.09064,05/30/2019
126,905,Franklin D. Roosevelt Boardwalk and Beach,Inside,Staten Island,SI45,New Dorp-Midland Beach,16,SPECTRUM,GuestWiFi,40.56936,-74.08949,05/30/2019
127,906,Franklin D. Roosevelt Boardwalk and Beach,Inside,Staten Island,SI45,New Dorp-Midland Beach,16,SPECTRUM,GuestWiFi,40.57019,-74.08855,05/30/2019
128,907,Franklin D. Roosevelt Boardwalk and Beach,Inside,Staten Island,SI45,New Dorp-Midland Beach,16,SPECTRUM,GuestWiFi,40.57127,-74.08729,05/30/2019
129,1609,Gravesend Park,Inside,Brooklyn,BK88,Borough Park,3,ALTICEUSA,GuestWiFi,40.62331,-73.98526,05/30/2019
130,1610,Gravesend Park,Inside,Brooklyn,BK88,Borough Park,3,ALTICEUSA,GuestWiFi,40.62383,-73.98359,05/30/2019
131,1612,Gravesend Park,Inside,Brooklyn,BK88,Borough Park,3,ALTICEUSA,GuestWiFi,40.62346,-73.98288,05/30/2019
132,1613,Gun Hill Playground,Inside,Bronx,BX44,Williamsbridge-Olinville,1,ALTICEUSA,GuestWiFi,40.87455,-73.86554,05/30/2019
133,830,Hamilton Fish Park,Inside,Manhattan,MN28,Lower East Side,4,SPECTRUM,GuestWiFi,40.71996,-73.98148,05/30/2019
134,54,Hamilton Fish Park,Inside,Manhattan,MN28,Lower East Side,4,SPECTRUM,GuestWiFi,40.72001,-73.98144,05/30/2019
135,831,Hamilton Fish Park,Inside,Manhattan,MN28,Lower East Side,4,SPECTRUM,GuestWiFi,40.7201,-73.9813,05/30/2019
136,53,Hamilton Fish Park,Inside,Manhattan,MN28,Lower East Side,4,SPECTRUM,GuestWiFi,40.71979,-73.98147,05/30/2019
137,1619,Heckscher Playground,Inside,Brooklyn,BK78,Bushwick South,2,ALTICEUSA,GuestWiFi,40.69484,-73.91863,05/30/2019
138,1620,Heckscher Playground,Inside,Brooklyn,BK78,Bushwick South,2,ALTICEUSA,GuestWiFi,40.69477,-73.91851,05/30/2019
139,931,Herbert Von King Park,Inside,Brooklyn,BK75,Bedford,2,AT&T,attwifi,40.6898,-73.9462,05/30/2019
140,1621,Herbert Von King Park,Inside,Brooklyn,BK75,Bedford,2,ALTICEUSA,GuestWiFi,40.68992,-73.94647,05/30/2019
141,982,Hillside Park,Inside,Brooklyn,BK09,Brooklyn Heights-Cobble Hill,1,AT&T,attwifi,40.7015,-73.9943,05/30/2019
142,1748,Holcombe Rucker Park,Inside,Manhattan,MN03,Central Harlem North-Polo Grounds,1,AT&T,attwifi,40.8292,-73.9361,05/30/2019
143,963,Hunts Point Riverside Park,Inside,Bronx,BX27,Hunts Point,1,AT&T,attwifi,40.8177,-73.8811,05/30/2019
144,138,J. Hood Wright Park,Inside,Manhattan,MN36,Washington Heights South,6,SPECTRUM,GuestWiFi,40.84656,-73.94086,05/30/2019
145,139,J. Hood Wright Park,Inside,Manhattan,MN36,Washington Heights South,6,SPECTRUM,GuestWiFi,40.84638,-73.94071,05/30/2019
146,129,J. Hood Wright Park,Inside,Manhattan,MN36,Washington Heights South,6,SPECTRUM,GuestWiFi,40.84689,-73.94133,05/30/2019
147,130,J. Hood Wright Park,Inside,Manhattan,MN36,Washington Heights South,6,SPECTRUM,GuestWiFi,40.84647,-73.94172,05/30/2019
148,131,J. Hood Wright Park,Inside,Manhattan,MN36,Washington Heights South,6,SPECTRUM,GuestWiFi,40.8462,-73.94135,05/30/2019
149,133,J. Hood Wright Park,Inside,Manhattan,MN36,Washington Heights South,6,SPECTRUM,GuestWiFi,40.84669,-73.94088,05/30/2019
150,140,Jackie Robinson Park,Inside,Manhattan,MN04,Hamilton Heights,7,SPECTRUM,GuestWiFi,40.82478,-73.94218,05/30/2019
151,141,Jackie Robinson Park,Inside,Manhattan,MN04,Hamilton Heights,7,SPECTRUM,GuestWiFi,40.82413,-73.94246,05/30/2019
152,142,Jackie Robinson Park,Inside,Manhattan,MN04,Hamilton Heights,7,SPECTRUM,GuestWiFi,40.82413,-73.94246,05/30/2019
153,174,Jackie Robinson Park,Inside,Manhattan,MN04,Hamilton Heights,7,SPECTRUM,GuestWiFi,40.82413,-73.94246,05/30/2019
154,143,Jackie Robinson Park,Inside,Manhattan,MN04,Hamilton Heights,7,SPECTRUM,GuestWiFi,40.82413,-73.94246,05/30/2019
155,144,Jackie Robinson Park,Inside,Manhattan,MN04,Hamilton Heights,7,SPECTRUM,GuestWiFi,40.82413,-73.94246,05/30/2019
156,175,Jackie Robinson Park,Inside,Manhattan,MN04,Hamilton Heights,7,SPECTRUM,GuestWiFi,40.82413,-73.94246,05/30/2019
157,1625,Joyce Kilmer Park,Inside,Bronx,BX63,West Concourse,6,ALTICEUSA,GuestWiFi,40.82783,-73.92268,05/30/2019
158,1626,Joyce Kilmer Park,Inside,Bronx,BX63,West Concourse,6,ALTICEUSA,GuestWiFi,40.82744,-73.92301,05/30/2019
159,1627,Joyce Kilmer Park,Inside,Bronx,BX63,West Concourse,6,ALTICEUSA,GuestWiFi,40.82756,-73.92363,05/30/2019
160,971,Joyce Kilmer Park,Inside,Bronx,BX63,West Concourse,6,AT&T,attwifi,40.8285,-73.9227,05/30/2019
161,1623,Joyce Kilmer Park,Inside,Bronx,BX63,West Concourse,6,ALTICEUSA,GuestWiFi,40.82847,-73.9227,05/30/2019
162,1624,Joyce Kilmer Park,Inside,Bronx,BX63,West Concourse,6,ALTICEUSA,GuestWiFi,40.82806,-73.92307,05/30/2019
163,177,Juniper Valley Park,Inside,Queens,QN21,Middle Village,3,SPECTRUM,GuestWiFi,40.72023,-73.87781,05/30/2019
164,178,Juniper Valley Park,Inside,Queens,QN21,Middle Village,3,SPECTRUM,GuestWiFi,40.7206,-73.87734,05/30/2019
165,179,Juniper Valley Park,Inside,Queens,QN21,Middle Village,3,SPECTRUM,GuestWiFi,40.72103,-73.87793,05/30/2019
166,897,Kathy Reilly Triangle,Inside,Brooklyn,BK30,Dyker Heights,1,SPECTRUM,GuestWiFi,40.625,-74.01788,05/30/2019
167,1649,Kissena Corridor Park,Inside,Queens,QN62,Queensboro Hill,3,SPECTRUM,GuestWiFi,40.74849,-73.82121,05/30/2019
168,1641,Kissena Corridor Park,Inside,Queens,QN62,Queensboro Hill,3,SPECTRUM,GuestWiFi,40.75141,-73.82472,05/30/2019
169,1642,Kissena Corridor Park,Inside,Queens,QN62,Queensboro Hill,3,SPECTRUM,GuestWiFi,40.75014,-73.82284,05/30/2019
170,1329,Lawrence Virgilio Playground,Inside,Queens,QN63,Woodside,2,SPECTRUM,GuestWiFi,40.74745,-73.91059,05/30/2019
171,1330,Lawrence Virgilio Playground,Inside,Queens,QN63,Woodside,2,SPECTRUM,GuestWiFi,40.74752,-73.91058,05/30/2019
172,1199,Linden Park,Inside,Brooklyn,BK82,East New York,3,ALTICEUSA,GuestWiFi,40.65815,-73.88744,05/30/2019
173,721,Linden Park,Inside,Brooklyn,BK82,East New York,3,ALTICEUSA,GuestWiFi,40.65839,-73.88758,05/30/2019
174,1198,Linden Park,Inside,Brooklyn,BK82,East New York,3,ALTICEUSA,GuestWiFi,40.65866,-73.88777,05/30/2019
175,1229,Lost Battalion Hall Recreation Center,Inside,Queens,QN18,Rego Park,3,SPECTRUM,GuestWiFi,40.73168,-73.86561,05/30/2019
176,1232,Lost Battalion Hall Recreation Center,Inside,Queens,QN18,Rego Park,3,SPECTRUM,GuestWiFi,40.73168,-73.86561,05/30/2019
177,1233,Lost Battalion Hall Recreation Center,Inside,Queens,QN18,Rego Park,3,SPECTRUM,GuestWiFi,40.73168,-73.86561,05/30/2019
178,136,MacDonald Park,Inside,Queens,QN17,Forest Hills,1,AT&T,attwifi,40.7221,-73.8466,05/30/2019
179,2109,Macombs Dam Park,Inside,Bronx,BX63,West Concourse,6,ALTICEUSA,GuestWiFi,40.82755,-73.92916,05/30/2019
180,727,Macombs Dam Park,Inside,Bronx,BX63,West Concourse,6,ALTICEUSA,GuestWiFi,40.82657,-73.92676,05/30/2019
181,728,Macombs Dam Park,Inside,Bronx,BX63,West Concourse,6,ALTICEUSA,GuestWiFi,40.82707,-73.92646,05/30/2019
182,731,Macombs Dam Park,Inside,Bronx,BX63,West Concourse,6,ALTICEUSA,GuestWiFi,40.8279,-73.92836,05/30/2019
183,732,Macombs Dam Park,Inside,Bronx,BX63,West Concourse,6,ALTICEUSA,GuestWiFi,40.8278,-73.92857,05/30/2019
184,722,Macombs Dam Park,Inside,Bronx,BX63,West Concourse,6,ALTICEUSA,GuestWiFi,40.8257,-73.92731,05/30/2019
185,937,Madison Square Park,Inside,Manhattan,MN13,Hudson Yards-Chelsea-Flatiron-Union Square,6,SPECTRUM,GuestWiFi,40.74249,-73.98691,05/30/2019
186,938,Madison Square Park,Inside,Manhattan,MN13,Hudson Yards-Chelsea-Flatiron-Union Square,6,SPECTRUM,GuestWiFi,40.74148,-73.98894,05/30/2019
187,933,Madison Square Park,Inside,Manhattan,MN13,Hudson Yards-Chelsea-Flatiron-Union Square,6,SPECTRUM,GuestWiFi,40.74238,-73.98869,05/30/2019
188,934,Madison Square Park,Inside,Manhattan,MN13,Hudson Yards-Chelsea-Flatiron-Union Square,6,SPECTRUM,GuestWiFi,40.7431,-73.9883,05/30/2019
189,935,Madison Square Park,Inside,Manhattan,MN13,Hudson Yards-Chelsea-Flatiron-Union Square,6,SPECTRUM,GuestWiFi,40.7411,-73.98791,05/30/2019
190,936,Madison Square Park,Inside,Manhattan,MN13,Hudson Yards-Chelsea-Flatiron-Union Square,6,SPECTRUM,GuestWiFi,40.74188,-73.98736,05/30/2019
191,743,Manhattan Beach Park,Inside,Brooklyn,BK17,Sheepshead Bay-Gerritsen Beach-Manhattan Beach,6,ALTICEUSA,GuestWiFi,40.57622,-73.94552,05/30/2019
192,745,Manhattan Beach Park,Inside,Brooklyn,BK17,Sheepshead Bay-Gerritsen Beach-Manhattan Beach,6,ALTICEUSA,GuestWiFi,40.57696,-73.94359,05/30/2019
193,746,Manhattan Beach Park,Inside,Brooklyn,BK17,Sheepshead Bay-Gerritsen Beach-Manhattan Beach,6,ALTICEUSA,GuestWiFi,40.57696,-73.94359,05/30/2019
194,747,Manhattan Beach Park,Inside,Brooklyn,BK17,Sheepshead Bay-Gerritsen Beach-Manhattan Beach,6,ALTICEUSA,GuestWiFi,40.57687,-73.94459,05/30/2019
195,735,Manhattan Beach Park,Inside,Brooklyn,BK17,Sheepshead Bay-Gerritsen Beach-Manhattan Beach,6,ALTICEUSA,GuestWiFi,40.57696,-73.94359,05/30/2019
196,736,Manhattan Beach Park,Inside,Brooklyn,BK17,Sheepshead Bay-Gerritsen Beach-Manhattan Beach,6,ALTICEUSA,GuestWiFi,40.57687,-73.94459,05/30/2019
197,1243,Marcus Garvey Park,Inside,Manhattan,MN34,East Harlem North,9,SPECTRUM,GuestWiFi,40.80501,-73.94491,05/30/2019
198,1236,Marcus Garvey Park,Inside,Manhattan,MN34,East Harlem North,9,SPECTRUM,GuestWiFi,40.80501,-73.94491,05/30/2019
199,1237,Marcus Garvey Park,Inside,Manhattan,MN34,East Harlem North,9,SPECTRUM,GuestWiFi,40.80501,-73.94488,05/30/2019
200,1238,Marcus Garvey Park,Inside,Manhattan,MN34,East Harlem North,9,SPECTRUM,GuestWiFi,40.80501,-73.94491,05/30/2019
201,1239,Marcus Garvey Park,Inside,Manhattan,MN34,East Harlem North,9,SPECTRUM,GuestWiFi,40.80501,-73.94491,05/30/2019
202,1240,Marcus Garvey Park,Inside,Manhattan,MN34,East Harlem North,9,SPECTRUM,GuestWiFi,40.80501,-73.94491,05/30/2019
203,1241,Marcus Garvey Park,Inside,Manhattan,MN34,East Harlem North,9,SPECTRUM,GuestWiFi,40.80501,-73.94491,05/30/2019
204,1242,Marcus Garvey Park,Inside,Manhattan,MN34,East Harlem North,9,SPECTRUM,GuestWiFi,40.80501,-73.94491,05/30/2019
205,1749,Marcus Garvey Park,Inside,Manhattan,MN34,East Harlem North,9,AT&T,attwifi,40.8048,-73.9443,05/30/2019
206,835,Maria Hernandez Park,Inside,Brooklyn,BK77,Bushwick North,4,ALTICEUSA,GuestWiFi,40.70298,-73.92474,05/30/2019
207,836,Maria Hernandez Park,Inside,Brooklyn,BK77,Bushwick North,4,ALTICEUSA,GuestWiFi,40.70331,-73.92409,05/30/2019
208,748,Maria Hernandez Park,Inside,Brooklyn,BK77,Bushwick North,4,ALTICEUSA,GuestWiFi,40.70254,-73.92382,05/30/2019
209,749,Maria Hernandez Park,Inside,Brooklyn,BK77,Bushwick North,4,ALTICEUSA,GuestWiFi,40.70304,-73.92363,05/30/2019
210,2520,Marine Park,Inside,Brooklyn,BK99,park-cemetery-etc-Brooklyn,3,ALTICEUSA,GuestWiFi,40.60414,-73.93043,05/30/2019
211,837,Marine Park,Inside,Brooklyn,BK99,park-cemetery-etc-Brooklyn,3,ALTICEUSA,GuestWiFi,40.60399,-73.93067,05/30/2019
212,838,Marine Park,Inside,Brooklyn,BK99,park-cemetery-etc-Brooklyn,3,ALTICEUSA,GuestWiFi,40.60407,-73.93076,05/30/2019
213,895,McCarren Park,Inside,Brooklyn,BK73,North Side-South Side,6,SPECTRUM,GuestWiFi,40.72008,-73.94951,05/30/2019
214,896,McCarren Park,Inside,Brooklyn,BK73,North Side-South Side,6,SPECTRUM,GuestWiFi,40.72008,-73.94951,05/30/2019
215,1234,McCarren Park,Inside,Brooklyn,BK73,North Side-South Side,6,SPECTRUM,GuestWiFi,40.72008,-73.94951,05/30/2019
216,1235,McCarren Park,Inside,Brooklyn,BK73,North Side-South Side,6,SPECTRUM,GuestWiFi,40.72008,-73.94951,05/30/2019
217,941,McCarren Park,Inside,Brooklyn,BK73,North Side-South Side,6,AT&T,attwifi,40.7201,-73.9502,05/30/2019
218,894,McCarren Park,Inside,Brooklyn,BK73,North Side-South Side,6,SPECTRUM,GuestWiFi,40.72008,-73.94951,05/30/2019
219,901,McKinley Park,Inside,Brooklyn,BK30,Dyker Heights,1,SPECTRUM,GuestWiFi,40.62655,-74.01679,05/30/2019
220,902,Metropolitan Recreation Center,Inside,Brooklyn,BK73,North Side-South Side,2,SPECTRUM,GuestWiFi,40.71509,-73.9605,05/30/2019
221,903,Metropolitan Recreation Center,Inside,Brooklyn,BK73,North Side-South Side,2,SPECTRUM,GuestWiFi,40.71509,-73.9605,05/30/2019
222,843,Owen F. Dolen Park,Inside,Bronx,BX37,Van Nest-Morris Park-Westchester Square,3,ALTICEUSA,GuestWiFi,40.84066,-73.84267,05/30/2019
223,844,Owen F. Dolen Park,Inside,Bronx,BX37,Van Nest-Morris Park-Westchester Square,3,ALTICEUSA,GuestWiFi,40.84067,-73.8426,05/30/2019
224,842,Owen F. Dolen Park,Inside,Bronx,BX37,Van Nest-Morris Park-Westchester Square,3,ALTICEUSA,GuestWiFi,40.84066,-73.84267,05/30/2019
225,1195,Owl's Head Park,Inside,Brooklyn,BK31,Bay Ridge,3,SPECTRUM,GuestWiFi,40.63928,-74.03209,05/30/2019
226,1196,Owl's Head Park,Inside,Brooklyn,BK31,Bay Ridge,3,SPECTRUM,GuestWiFi,40.63923,-74.03193,05/30/2019
227,1197,Owl's Head Park,Inside,Brooklyn,BK31,Bay Ridge,3,SPECTRUM,GuestWiFi,40.63929,-74.0319,05/30/2019
228,942,Parade Ground,Inside,Brooklyn,BK99,park-cemetery-etc-Brooklyn,4,AT&T,attwifi,40.6509,-73.9683,05/30/2019
229,18,Parade Ground,Inside,Brooklyn,BK99,park-cemetery-etc-Brooklyn,4,ALTICEUSA,GuestWiFi,40.65072,-73.96849,05/30/2019
230,19,Parade Ground,Inside,Brooklyn,BK99,park-cemetery-etc-Brooklyn,4,ALTICEUSA,GuestWiFi,40.65068,-73.96846,05/30/2019
231,20,Parade Ground,Inside,Brooklyn,BK99,park-cemetery-etc-Brooklyn,4,ALTICEUSA,GuestWiFi,40.65074,-73.96843,05/30/2019
232,10,Pelham Bay Park,Inside,Bronx,BX99,park-cemetery-etc-Bronx,4,ALTICEUSA,GuestWiFi,40.84923,-73.82105,05/30/2019
233,11,Pelham Bay Park,Inside,Bronx,BX99,park-cemetery-etc-Bronx,4,ALTICEUSA,GuestWiFi,40.8492,-73.82106,05/30/2019
234,12,Pelham Bay Park,Inside,Bronx,BX99,park-cemetery-etc-Bronx,4,ALTICEUSA,GuestWiFi,40.85021,-73.82175,05/30/2019
235,13,Pelham Bay Park,Inside,Bronx,BX99,park-cemetery-etc-Bronx,4,ALTICEUSA,GuestWiFi,40.85023,-73.82178,05/30/2019
236,14,Poe Park,Inside,Bronx,BX05,Bedford Park-Fordham North,4,ALTICEUSA,GuestWiFi,40.86444,-73.89455,05/30/2019
237,15,Poe Park,Inside,Bronx,BX05,Bedford Park-Fordham North,4,ALTICEUSA,GuestWiFi,40.86446,-73.89512,05/30/2019
238,16,Poe Park,Inside,Bronx,BX05,Bedford Park-Fordham North,4,ALTICEUSA,GuestWiFi,40.86478,-73.89463,05/30/2019
239,17,Poe Park,Inside,Bronx,BX05,Bedford Park-Fordham North,4,ALTICEUSA,GuestWiFi,40.86517,-73.89423,05/30/2019
240,22,Prospect Park,Inside,Brooklyn,BK99,park-cemetery-etc-Brooklyn,14,ALTICEUSA,GuestWiFi,40.66047,-73.96517,05/30/2019
241,23,Prospect Park,Inside,Brooklyn,BK99,park-cemetery-etc-Brooklyn,14,ALTICEUSA,GuestWiFi,40.66084,-73.96512,05/30/2019
242,24,Prospect Park,Inside,Brooklyn,BK99,park-cemetery-etc-Brooklyn,14,ALTICEUSA,GuestWiFi,40.6612,-73.96525,05/30/2019
243,25,Prospect Park,Inside,Brooklyn,BK99,park-cemetery-etc-Brooklyn,14,ALTICEUSA,GuestWiFi,40.65745,-73.96399,05/30/2019
244,939,Prospect Park,Inside,Brooklyn,BK99,park-cemetery-etc-Brooklyn,14,SPECTRUM,GuestWiFi,40.66326,-73.97616,05/30/2019
245,26,Prospect Park,Inside,Brooklyn,BK99,park-cemetery-etc-Brooklyn,14,ALTICEUSA,GuestWiFi,40.65745,-73.96399,05/30/2019
246,27,Prospect Park,Inside,Brooklyn,BK99,park-cemetery-etc-Brooklyn,14,ALTICEUSA,GuestWiFi,40.65745,-73.96399,05/30/2019
247,940,Prospect Park,Inside,Brooklyn,BK99,park-cemetery-etc-Brooklyn,14,SPECTRUM,GuestWiFi,40.66302,-73.97629,05/30/2019
248,28,Prospect Park,Inside,Brooklyn,BK99,park-cemetery-etc-Brooklyn,14,ALTICEUSA,GuestWiFi,40.657,-73.9637,05/30/2019
249,29,Prospect Park,Inside,Brooklyn,BK99,park-cemetery-etc-Brooklyn,14,ALTICEUSA,GuestWiFi,40.657,-73.9637,05/30/2019
250,1741,Prospect Park,Inside,Brooklyn,BK99,park-cemetery-etc-Brooklyn,14,SPECTRUM,GuestWiFi,40.66309,-73.97629,05/30/2019
251,30,Prospect Park,Inside,Brooklyn,BK99,park-cemetery-etc-Brooklyn,14,ALTICEUSA,GuestWiFi,40.657,-73.9637,05/30/2019
252,1742,Prospect Park,Inside,Brooklyn,BK99,park-cemetery-etc-Brooklyn,14,SPECTRUM,GuestWiFi,40.66338,-73.97608,05/30/2019
253,31,Prospect Park,Inside,Brooklyn,BK99,park-cemetery-etc-Brooklyn,14,ALTICEUSA,GuestWiFi,40.657,-73.9637,05/30/2019
254,558,Red Hook Recreation Area,Inside,Brooklyn,BK33,Carroll Gardens-Columbia Street-Red Hook,5,SPECTRUM,GuestWiFi,40.67236,-74.00405,05/30/2019
255,559,Red Hook Recreation Area,Inside,Brooklyn,BK33,Carroll Gardens-Columbia Street-Red Hook,5,SPECTRUM,GuestWiFi,40.67241,-74.0043,05/30/2019
256,560,Red Hook Recreation Area,Inside,Brooklyn,BK33,Carroll Gardens-Columbia Street-Red Hook,5,SPECTRUM,GuestWiFi,40.67229,-74.00374,05/30/2019
257,561,Red Hook Recreation Area,Inside,Brooklyn,BK33,Carroll Gardens-Columbia Street-Red Hook,5,SPECTRUM,GuestWiFi,40.67251,-74.00465,05/30/2019
258,562,Red Hook Recreation Area,Inside,Brooklyn,BK33,Carroll Gardens-Columbia Street-Red Hook,5,SPECTRUM,GuestWiFi,40.67241,-74.0043,05/30/2019
259,1257,Rockaway Beach,Inside,Queens,QN10,Breezy Point-Belle Harbor-Rockaway Park-Broad Channel,4,SPECTRUM,GuestWiFi,40.57785,-73.83576,05/30/2019
260,1258,Rockaway Beach,Inside,Queens,QN10,Breezy Point-Belle Harbor-Rockaway Park-Broad Channel,4,SPECTRUM,GuestWiFi,40.57788,-73.83579,05/30/2019
261,1259,Rockaway Beach,Inside,Queens,QN10,Breezy Point-Belle Harbor-Rockaway Park-Broad Channel,4,SPECTRUM,GuestWiFi,40.5779,-73.8356,05/30/2019
262,1260,Rockaway Beach,Inside,Queens,QN10,Breezy Point-Belle Harbor-Rockaway Park-Broad Channel,4,SPECTRUM,GuestWiFi,40.57787,-73.83566,05/30/2019
263,564,Rockaway Beach and Boardwalk,Inside,Queens,QN12,Hammels-Arverne-Edgemere,2,SPECTRUM,GuestWiFi,40.58656,-73.79989,05/30/2019
264,565,Rockaway Beach and Boardwalk,Inside,Queens,QN12,Hammels-Arverne-Edgemere,2,SPECTRUM,GuestWiFi,40.58654,-73.79997,05/30/2019
265,568,Rockaway Beach Boardwalk,Inside,Queens,QN12,Hammels-Arverne-Edgemere,13,SPECTRUM,GuestWiFi,40.58461,-73.81069,05/30/2019
266,566,Rockaway Beach Boardwalk,Inside,Queens,QN12,Hammels-Arverne-Edgemere,13,SPECTRUM,GuestWiFi,40.58467,-73.81105,05/30/2019
267,570,Rockaway Beach Boardwalk,Inside,Queens,QN10,Breezy Point-Belle Harbor-Rockaway Park-Broad Channel,13,SPECTRUM,GuestWiFi,40.58305,-73.81769,05/30/2019
268,571,Rockaway Beach Boardwalk,Inside,Queens,QN10,Breezy Point-Belle Harbor-Rockaway Park-Broad Channel,13,SPECTRUM,GuestWiFi,40.58291,-73.81788,05/30/2019
269,572,Rockaway Beach Boardwalk,Inside,Queens,QN10,Breezy Point-Belle Harbor-Rockaway Park-Broad Channel,13,SPECTRUM,GuestWiFi,40.58282,-73.81758,05/30/2019
270,573,Rockaway Beach Boardwalk,Inside,Queens,QN10,Breezy Point-Belle Harbor-Rockaway Park-Broad Channel,13,SPECTRUM,GuestWiFi,40.58296,-73.81718,05/30/2019
271,574,Rockaway Beach Boardwalk,Inside,Queens,QN10,Breezy Point-Belle Harbor-Rockaway Park-Broad Channel,13,SPECTRUM,GuestWiFi,40.5831,-73.81669,05/30/2019
272,575,Rockaway Beach Boardwalk,Inside,Queens,QN10,Breezy Point-Belle Harbor-Rockaway Park-Broad Channel,13,SPECTRUM,GuestWiFi,40.58056,-73.8263,05/30/2019
273,576,Rockaway Beach Boardwalk,Inside,Queens,QN10,Breezy Point-Belle Harbor-Rockaway Park-Broad Channel,13,SPECTRUM,GuestWiFi,40.58047,-73.82627,05/30/2019
274,577,Rockaway Beach Boardwalk,Inside,Queens,QN10,Breezy Point-Belle Harbor-Rockaway Park-Broad Channel,13,SPECTRUM,GuestWiFi,40.58055,-73.82596,05/30/2019
275,578,Rockaway Beach Boardwalk,Inside,Queens,QN10,Breezy Point-Belle Harbor-Rockaway Park-Broad Channel,13,SPECTRUM,GuestWiFi,40.5807,-73.82597,05/30/2019
276,579,Rockaway Beach Boardwalk,Inside,Queens,QN10,Breezy Point-Belle Harbor-Rockaway Park-Broad Channel,13,SPECTRUM,GuestWiFi,40.58035,-73.82662,05/30/2019
277,2120,Rockaway Beach Boardwalk,Inside,Queens,QN12,Hammels-Arverne-Edgemere,13,SPECTRUM,GuestWiFi,40.58449,-73.81122,05/30/2019
278,1280,Roy Wilkins Recreation Center,Inside,Queens,QN08,St. Albans,16,SPECTRUM,GuestWiFi,40.68719,-73.76956,05/30/2019
279,1269,Roy Wilkins Recreation Center,Inside,Queens,QN08,St. Albans,16,SPECTRUM,GuestWiFi,40.68719,-73.76956,05/30/2019
280,1281,Roy Wilkins Recreation Center,Inside,Queens,QN08,St. Albans,16,SPECTRUM,GuestWiFi,40.68719,-73.76956,05/30/2019
281,1270,Roy Wilkins Recreation Center,Inside,Queens,QN08,St. Albans,16,SPECTRUM,GuestWiFi,40.68719,-73.76956,05/30/2019
282,1282,Roy Wilkins Recreation Center,Inside,Queens,QN08,St. Albans,16,SPECTRUM,GuestWiFi,40.68719,-73.76956,05/30/2019
283,1271,Roy Wilkins Recreation Center,Inside,Queens,QN08,St. Albans,16,SPECTRUM,GuestWiFi,40.68719,-73.76956,05/30/2019
284,1272,Roy Wilkins Recreation Center,Inside,Queens,QN08,St. Albans,16,SPECTRUM,GuestWiFi,40.68719,-73.76956,05/30/2019
285,1273,Roy Wilkins Recreation Center,Inside,Queens,QN08,St. Albans,16,SPECTRUM,GuestWiFi,40.68719,-73.76956,05/30/2019
286,1274,Roy Wilkins Recreation Center,Inside,Queens,QN08,St. Albans,16,SPECTRUM,GuestWiFi,40.68719,-73.76956,05/30/2019
287,1275,Roy Wilkins Recreation Center,Inside,Queens,QN08,St. Albans,16,SPECTRUM,GuestWiFi,40.68719,-73.76956,05/30/2019
288,1276,Roy Wilkins Recreation Center,Inside,Queens,QN08,St. Albans,16,SPECTRUM,GuestWiFi,40.68719,-73.76956,05/30/2019
289,1277,Roy Wilkins Recreation Center,Inside,Queens,QN08,St. Albans,16,SPECTRUM,GuestWiFi,40.68719,-73.76956,05/30/2019
290,1278,Roy Wilkins Recreation Center,Inside,Queens,QN08,St. Albans,16,SPECTRUM,GuestWiFi,40.68719,-73.76956,05/30/2019
291,1267,Roy Wilkins Recreation Center,Inside,Queens,QN08,St. Albans,16,SPECTRUM,GuestWiFi,40.68726,-73.76981,05/30/2019
292,1279,Roy Wilkins Recreation Center,Inside,Queens,QN08,St. Albans,16,SPECTRUM,GuestWiFi,40.68719,-73.76956,05/30/2019
293,1268,Roy Wilkins Recreation Center,Inside,Queens,QN08,St. Albans,16,SPECTRUM,GuestWiFi,40.68716,-73.76981,05/30/2019
294,34,Saratoga Park,Inside,Brooklyn,BK35,Stuyvesant Heights,2,ALTICEUSA,GuestWiFi,40.68504,-73.91893,05/30/2019
295,35,Saratoga Park,Inside,Brooklyn,BK35,Stuyvesant Heights,2,ALTICEUSA,GuestWiFi,40.68503,-73.91907,05/30/2019
296,1298,Snug Harbor Cultural Center,Inside,Staten Island,SI22,West New Brighton-New Brighton-St. George,9,SPECTRUM,GuestWiFi,40.64234,-74.10269,05/30/2019
297,1299,Snug Harbor Cultural Center,Inside,Staten Island,SI22,West New Brighton-New Brighton-St. George,9,SPECTRUM,GuestWiFi,40.64317,-74.10228,05/30/2019
298,1292,Snug Harbor Cultural Center,Inside,Staten Island,SI22,West New Brighton-New Brighton-St. George,9,SPECTRUM,GuestWiFi,40.6418,-74.10185,05/30/2019
299,1293,Snug Harbor Cultural Center,Inside,Staten Island,SI22,West New Brighton-New Brighton-St. George,9,SPECTRUM,GuestWiFi,40.64198,-74.10187,05/30/2019
300,1294,Snug Harbor Cultural Center,Inside,Staten Island,SI22,West New Brighton-New Brighton-St. George,9,SPECTRUM,GuestWiFi,40.64382,-74.1024,05/30/2019
301,1295,Snug Harbor Cultural Center,Inside,Staten Island,SI22,West New Brighton-New Brighton-St. George,9,SPECTRUM,GuestWiFi,40.6418,-74.102,05/30/2019
302,1296,Snug Harbor Cultural Center,Inside,Staten Island,SI22,West New Brighton-New Brighton-St. George,9,SPECTRUM,GuestWiFi,40.64196,-74.10203,05/30/2019
303,1297,Snug Harbor Cultural Center,Inside,Staten Island,SI22,West New Brighton-New Brighton-St. George,9,SPECTRUM,GuestWiFi,40.64378,-74.10224,05/30/2019
304,1289,Snug Harbor Cultural Center,Inside,Staten Island,SI22,West New Brighton-New Brighton-St. George,9,SPECTRUM,GuestWiFi,40.64532,-74.10228,05/30/2019
305,40,St. James Park,Inside,Bronx,BX05,Bedford Park-Fordham North,3,ALTICEUSA,GuestWiFi,40.86473,-73.89904,05/30/2019
306,41,St. James Park,Inside,Bronx,BX05,Bedford Park-Fordham North,3,ALTICEUSA,GuestWiFi,40.86473,-73.89904,05/30/2019
307,2079,St. James Park,Inside,Bronx,BX05,Bedford Park-Fordham North,3,ALTICEUSA,GuestWiFi,40.86473,-73.89904,05/30/2019
308,46,St. John's Recreation Center,Inside,Brooklyn,BK61,Crown Heights North,10,ALTICEUSA,GuestWiFi,40.67387,-73.93472,05/30/2019
309,2521,St. John's Recreation Center,Inside,Brooklyn,BK61,Crown Heights North,10,ALTICEUSA,GuestWiFi,40.67375,-73.93489,05/30/2019
310,47,St. John's Recreation Center,Inside,Brooklyn,BK61,Crown Heights North,10,ALTICEUSA,GuestWiFi,40.67381,-73.93479,05/30/2019
311,48,St. John's Recreation Center,Inside,Brooklyn,BK61,Crown Heights North,10,ALTICEUSA,GuestWiFi,40.67378,-73.93511,05/30/2019
312,49,St. John's Recreation Center,Inside,Brooklyn,BK61,Crown Heights North,10,ALTICEUSA,GuestWiFi,40.67375,-73.93501,05/30/2019
313,50,St. John's Recreation Center,Inside,Brooklyn,BK61,Crown Heights North,10,ALTICEUSA,GuestWiFi,40.67373,-73.93487,05/30/2019
314,42,St. John's Recreation Center,Inside,Brooklyn,BK61,Crown Heights North,10,ALTICEUSA,GuestWiFi,40.67401,-73.9347,05/30/2019
315,51,St. John's Recreation Center,Inside,Brooklyn,BK61,Crown Heights North,10,ALTICEUSA,GuestWiFi,40.6737,-73.93493,05/30/2019
316,43,St. John's Recreation Center,Inside,Brooklyn,BK61,Crown Heights North,10,ALTICEUSA,GuestWiFi,40.67404,-73.93505,05/30/2019
317,44,St. John's Recreation Center,Inside,Brooklyn,BK61,Crown Heights North,10,ALTICEUSA,GuestWiFi,40.6738,-73.93517,05/30/2019
318,959,St. Mary's Park,Inside,Bronx,BX39,Mott Haven-Port Morris,7,ALTICEUSA,GuestWiFi,40.81154,-73.91414,05/30/2019
319,954,St. Mary's Park,Inside,Bronx,BX39,Mott Haven-Port Morris,7,ALTICEUSA,GuestWiFi,40.81154,-73.91414,05/30/2019
320,955,St. Mary's Park,Inside,Bronx,BX39,Mott Haven-Port Morris,7,ALTICEUSA,GuestWiFi,40.81154,-73.91414,05/30/2019
321,956,St. Mary's Park,Inside,Bronx,BX39,Mott Haven-Port Morris,7,ALTICEUSA,GuestWiFi,40.81154,-73.91414,05/30/2019
322,52,St. Mary's Park,Inside,Bronx,BX39,Mott Haven-Port Morris,7,ALTICEUSA,GuestWiFi,40.81154,-73.91414,05/30/2019
323,957,St. Mary's Park,Inside,Bronx,BX39,Mott Haven-Port Morris,7,ALTICEUSA,GuestWiFi,40.81154,-73.91414,05/30/2019
324,958,St. Mary's Park,Inside,Bronx,BX39,Mott Haven-Port Morris,7,ALTICEUSA,GuestWiFi,40.81154,-73.91414,05/30/2019
325,2096,The High Line,Inside,Manhattan,MN13,Hudson Yards-Chelsea-Flatiron-Union Square,1,AT&T,attwifi,40.7474,-74.0051,05/30/2019
326,1310,Thomas Jefferson Park,Inside,Manhattan,MN34,East Harlem North,9,SPECTRUM,GuestWiFi,40.79367,-73.93682,05/30/2019
327,1311,Thomas Jefferson Park,Inside,Manhattan,MN34,East Harlem North,9,SPECTRUM,GuestWiFi,40.79367,-73.93682,05/30/2019
328,1312,Thomas Jefferson Park,Inside,Manhattan,MN34,East Harlem North,9,SPECTRUM,GuestWiFi,40.79367,-73.93682,05/30/2019
329,1313,Thomas Jefferson Park,Inside,Manhattan,MN34,East Harlem North,9,SPECTRUM,GuestWiFi,40.7933,-73.93676,05/30/2019
330,1314,Thomas Jefferson Park,Inside,Manhattan,MN34,East Harlem North,9,SPECTRUM,GuestWiFi,40.79375,-73.93624,05/30/2019
331,1307,Thomas Jefferson Park,Inside,Manhattan,MN34,East Harlem North,9,SPECTRUM,GuestWiFi,40.79367,-73.93682,05/30/2019
332,1308,Thomas Jefferson Park,Inside,Manhattan,MN34,East Harlem North,9,SPECTRUM,GuestWiFi,40.79367,-73.93682,05/30/2019
333,134,Thomas Jefferson Park,Inside,Manhattan,MN34,East Harlem North,9,AT&T,attwifi,40.7931,-73.9354,05/30/2019
334,1309,Thomas Jefferson Park,Inside,Manhattan,MN34,East Harlem North,9,SPECTRUM,GuestWiFi,40.79367,-73.93682,05/30/2019
335,146,Thomas Paine Park,Inside,Manhattan,MN24,SoHo-TriBeCa-Civic Center-Little Italy,1,AT&T,attwifi,40.7148,-74.0028,05/30/2019
336,147,Tompkins Square Park,Inside,Manhattan,MN22,East Village,1,AT&T,attwifi,40.7265,-73.9817,05/30/2019
337,1318,Tony Dapolito Recreation Center,Inside,Manhattan,MN23,West Village,5,SPECTRUM,GuestWiFi,40.72956,-74.00546,05/30/2019
338,1319,Tony Dapolito Recreation Center,Inside,Manhattan,MN23,West Village,5,SPECTRUM,GuestWiFi,40.72956,-74.00546,05/30/2019
339,2122,Tony Dapolito Recreation Center,Inside,Manhattan,MN23,West Village,5,SPECTRUM,GuestWiFi,40.72956,-74.00546,05/30/2019
340,1316,Tony Dapolito Recreation Center,Inside,Manhattan,MN23,West Village,5,SPECTRUM,GuestWiFi,40.72956,-74.00546,05/30/2019
341,1317,Tony Dapolito Recreation Center,Inside,Manhattan,MN23,West Village,5,SPECTRUM,GuestWiFi,40.72956,-74.00546,05/30/2019
342,2531,Union Square Park,Inside,Manhattan,MN13,Hudson Yards-Chelsea-Flatiron-Union Square,1,Partner,unionsquarewifi,40.736,-73.9904,05/30/2019
343,846,Van Cortlandt Park,Inside,Bronx,BX99,park-cemetery-etc-Bronx,2,ALTICEUSA,GuestWiFi,40.89425,-73.89629,05/30/2019
344,847,Van Cortlandt Park,Inside,Bronx,BX99,park-cemetery-etc-Bronx,2,ALTICEUSA,GuestWiFi,40.89374,-73.89622,05/30/2019
345,851,Williamsbridge Oval,Inside,Bronx,BX43,Norwood,5,ALTICEUSA,GuestWiFi,40.87683,-73.87873,05/30/2019
346,852,Williamsbridge Oval,Inside,Bronx,BX43,Norwood,5,ALTICEUSA,GuestWiFi,40.87685,-73.87887,05/30/2019
347,853,Williamsbridge Oval,Inside,Bronx,BX43,Norwood,5,ALTICEUSA,GuestWiFi,40.87664,-73.87854,05/30/2019
348,856,Williamsbridge Oval,Inside,Bronx,BX43,Norwood,5,ALTICEUSA,GuestWiFi,40.877,-73.87932,05/30/2019
349,850,Williamsbridge Oval,Inside,Bronx,BX43,Norwood,5,ALTICEUSA,GuestWiFi,40.87654,-73.87845,05/30/2019
350,859,Wingate Park,Inside,Brooklyn,BK60,Prospect Lefferts Gardens-Wingate,2,ALTICEUSA,GuestWiFi,40.65831,-73.94406,05/30/2019
351,1,Wingate Park,Inside,Brooklyn,BK60,Prospect Lefferts Gardens-Wingate,2,ALTICEUSA,GuestWiFi,40.65831,-73.94406,05/30/2019
352,1335,Wolfes Pond Park,Inside,Staten Island,SI01,Annadale-Huguenot-Prince's Bay-Eltingville,5,SPECTRUM,GuestWiFi,40.51924,-74.18823,05/30/2019
353,1336,Wolfes Pond Park,Inside,Staten Island,SI01,Annadale-Huguenot-Prince's Bay-Eltingville,5,SPECTRUM,GuestWiFi,40.51817,-74.18976,05/30/2019
354,1337,Wolfes Pond Park,Inside,Staten Island,SI01,Annadale-Huguenot-Prince's Bay-Eltingville,5,SPECTRUM,GuestWiFi,40.51728,-74.191,05/30/2019
355,1338,Wolfes Pond Park,Inside,Staten Island,SI01,Annadale-Huguenot-Prince's Bay-Eltingville,5,SPECTRUM,GuestWiFi,40.51705,-74.19032,05/30/2019
356,1339,Wolfes Pond Park,Inside,Staten Island,SI01,Annadale-Huguenot-Prince's Bay-Eltingville,5,SPECTRUM,GuestWiFi,40.51715,-74.18982,05/30/2019
357,725,Yankee Stadium Garages/Lots,Inside,Bronx,BX63,West Concourse,4,ALTICEUSA,GuestWiFi,40.8261,-73.92854,05/30/2019
358,726,Yankee Stadium Garages/Lots,Inside,Bronx,BX63,West Concourse,4,ALTICEUSA,GuestWiFi,40.82638,-73.92925,05/30/2019
359,723,Yankee Stadium Garages/Lots,Inside,Bronx,BX63,West Concourse,4,ALTICEUSA,GuestWiFi,40.82581,-73.92773,05/30/2019
360,724,Yankee Stadium Garages/Lots,Inside,Bronx,BX63,West Concourse,4,ALTICEUSA,GuestWiFi,40.82595,-73.92813,05/30/2019
361,964,Baisley Pond Park,Near,Queens,QN76,Baisley Park,3,SPECTRUM,GuestWiFi,40.6783339999999,-73.783477,05/30/2019
362,965,Baisley Pond Park,Near,Queens,QN76,Baisley Park,3,SPECTRUM,GuestWiFi,40.6676,-73.78942,05/30/2019
363,966,Baisley Pond Park,Near,Queens,QN76,Baisley Park,3,SPECTRUM,GuestWiFi,40.6816099999999,-73.78825,05/30/2019
364,967,Baisley Pond Park,Near,Queens,QN76,Baisley Park,3,SPECTRUM,GuestWiFi,40.6805299999999,-73.7874699999999,05/30/2019
365,968,Baisley Pond Park,Near,Queens,QN76,Baisley Park,3,SPECTRUM,GuestWiFi,40.67963,-73.78745,05/30/2019
366,972,Baisley Pond Park,Near,Queens,QN76,Baisley Park,3,SPECTRUM,GuestWiFi,40.68462,-73.7858899999999,05/30/2019
367,973,Baisley Pond Park,Near,Queens,QN76,Baisley Park,3,SPECTRUM,GuestWiFi,40.68495,-73.78722,05/30/2019
368,974,Baisley Pond Park,Near,Queens,QN76,Baisley Park,3,SPECTRUM,GuestWiFi,40.6781399999999,-73.7871099999999,05/30/2019
369,975,Baisley Pond Park,Near,Queens,QN76,Baisley Park,3,SPECTRUM,GuestWiFi,40.6766199999999,-73.78695,05/30/2019
370,978,Baisley Pond Park,Near,Queens,QN02,Springfield Gardens North,3,SPECTRUM,GuestWiFi,40.6726799999999,-73.7867799999999,05/30/2019
371,979,Baisley Pond Park,Near,Queens,QN02,Springfield Gardens North,3,SPECTRUM,GuestWiFi,40.67318,-73.7851699999999,05/30/2019
372,980,Baisley Pond Park,Near,Queens,QN02,Springfield Gardens North,3,SPECTRUM,GuestWiFi,40.67609,-73.7825399999999,05/30/2019
373,981,Baisley Pond Park,Near,Queens,QN02,Springfield Gardens North,3,SPECTRUM,GuestWiFi,40.67486,-73.78412,05/30/2019
374,983,Baisley Pond Park,Near,Queens,QN76,Baisley Park,3,SPECTRUM,GuestWiFi,40.67506,-73.78744,05/30/2019
375,984,Baisley Pond Park,Near,Queens,QN76,Baisley Park,3,SPECTRUM,GuestWiFi,40.67454,-73.78955,05/30/2019
376,985,Baisley Pond Park,Near,Queens,QN76,Baisley Park,3,SPECTRUM,GuestWiFi,40.6713999999999,-73.78861,05/30/2019
377,986,Baisley Pond Park,Near,Queens,QN76,Baisley Park,3,SPECTRUM,GuestWiFi,40.66978,-73.78896,05/30/2019
378,1353,Bensonhurst Park,Near,Brooklyn,BK27,Bath Beach,6,ALTICEUSA,GuestWiFi,40.5982569999999,-74.00014,05/30/2019
379,1628,Bowne Park,Near,Queens,QN51,Murray Hill,5,SPECTRUM,GuestWiFi,40.7712289999999,-73.8090499999999,05/30/2019
380,1629,Bowne Park,Near,Queens,QN51,Murray Hill,5,SPECTRUM,GuestWiFi,40.7697509999999,-73.8087479999999,05/30/2019
381,1630,Bowne Park,Near,Queens,QN51,Murray Hill,5,SPECTRUM,GuestWiFi,40.769652,-73.8075079999999,05/30/2019
382,1631,Bowne Park,Near,Queens,QN51,Murray Hill,5,SPECTRUM,GuestWiFi,40.769536,-73.8059679999999,05/30/2019
383,1632,Bowne Park,Near,Queens,QN51,Murray Hill,5,SPECTRUM,GuestWiFi,40.770532,-73.805507,05/30/2019
384,1761,Bowne Playground,Near,Queens,QN22,Flushing,2,SPECTRUM,GuestWiFi,40.75797,-73.825241,05/30/2019
385,1762,Bowne Playground,Near,Queens,QN22,Flushing,2,SPECTRUM,GuestWiFi,40.75858,-73.825078,05/30/2019
386,1362,Brownsville Recreation Center,Near,Brooklyn,BK81,Brownsville,5,ALTICEUSA,GuestWiFi,40.6570279999999,-73.903152,05/30/2019
387,1363,Brownsville Recreation Center,Near,Brooklyn,BK81,Brownsville,5,ALTICEUSA,GuestWiFi,40.6572129999999,-73.901808,05/30/2019
388,1369,Brownsville Recreation Center,Near,Brooklyn,BK82,East New York,5,ALTICEUSA,GuestWiFi,40.6520999999999,-73.90286,05/30/2019
389,1370,Brownsville Recreation Center,Near,Brooklyn,BK81,Brownsville,5,ALTICEUSA,GuestWiFi,40.6559,-73.90285,05/30/2019
390,2530,Brownsville Recreation Center,Near,Brooklyn,BK81,Brownsville,5,ALTICEUSA,GuestWiFi,40.6570999999999,-73.9026999999999,05/30/2019
391,1633,Bryant Park,Near,Manhattan,MN17,Midtown-Midtown South,2,SPECTRUM,GuestWiFi,40.7544469999999,-73.984222,05/30/2019
392,1635,Bryant Park,Near,Manhattan,MN17,Midtown-Midtown South,2,SPECTRUM,GuestWiFi,40.754317,-73.9830939999999,05/30/2019
393,1636,Bryant Park,Near,Manhattan,MN17,Midtown-Midtown South,2,SPECTRUM,GuestWiFi,40.7531639999999,-73.983964,05/30/2019
394,1637,Bryant Park,Near,Manhattan,MN17,Midtown-Midtown South,2,SPECTRUM,GuestWiFi,40.753689,-73.984769,05/30/2019
395,1639,Carroll Park,Near,Brooklyn,BK33,Carroll Gardens-Columbia Street-Red Hook,2,SPECTRUM,GuestWiFi,40.68063,-73.995382,05/30/2019
396,1640,Carroll Park,Near,Brooklyn,BK33,Carroll Gardens-Columbia Street-Red Hook,2,SPECTRUM,GuestWiFi,40.68063,-73.995382,05/30/2019
397,1769,Chelsea Park,Near,Manhattan,MN13,Hudson Yards-Chelsea-Flatiron-Union Square,2,SPECTRUM,GuestWiFi,40.7499079999999,-74.0008899999999,05/30/2019
398,1773,Chelsea Park,Near,Manhattan,MN13,Hudson Yards-Chelsea-Flatiron-Union Square,2,SPECTRUM,GuestWiFi,40.749783,-74.0007109999999,05/30/2019
399,1780,City Hall Park,Near,Manhattan,MN25,Battery Park City-Lower Manhattan,1,SPECTRUM,GuestWiFi,40.70935,-74.0099029999999,05/30/2019
400,1371,Claremont Park,Near,Bronx,BX14,East Concourse-Concourse Village,5,ALTICEUSA,GuestWiFi,40.8423269999999,-73.909734,05/30/2019
401,1372,Claremont Park,Near,Bronx,BX14,East Concourse-Concourse Village,5,ALTICEUSA,GuestWiFi,40.8417079999999,-73.909631,05/30/2019
402,1378,Coney Island Beach & Boardwalk,Near,Brooklyn,BK21,Seagate-Coney Island,19,ALTICEUSA,GuestWiFi,40.573739,-73.9818939999999,05/30/2019
403,1379,Coney Island Beach & Boardwalk,Near,Brooklyn,BK21,Seagate-Coney Island,19,ALTICEUSA,GuestWiFi,40.5732179999999,-73.9818269999999,05/30/2019
404,1380,Coney Island Beach & Boardwalk,Near,Brooklyn,BK21,Seagate-Coney Island,19,ALTICEUSA,GuestWiFi,40.5732179999999,-73.9818259999999,05/30/2019
405,1381,Coney Island Beach & Boardwalk,Near,Brooklyn,BK21,Seagate-Coney Island,19,ALTICEUSA,GuestWiFi,40.5742779999999,-73.9819959999999,05/30/2019
406,1382,Coney Island Beach & Boardwalk,Near,Brooklyn,BK21,Seagate-Coney Island,19,ALTICEUSA,GuestWiFi,40.5745819999999,-73.977901,05/30/2019
407,1383,Coney Island Beach & Boardwalk,Near,Brooklyn,BK21,Seagate-Coney Island,19,ALTICEUSA,GuestWiFi,40.5749149999999,-73.977867,05/30/2019
408,1384,Coney Island Beach & Boardwalk,Near,Brooklyn,BK21,Seagate-Coney Island,19,ALTICEUSA,GuestWiFi,40.5740619999999,-73.9779819999999,05/30/2019
409,1385,Coney Island Beach & Boardwalk,Near,Brooklyn,BK21,Seagate-Coney Island,19,ALTICEUSA,GuestWiFi,40.5734909999999,-73.9778629999999,05/30/2019
410,1389,Coney Island Beach & Boardwalk,Near,Brooklyn,BK21,Seagate-Coney Island,19,ALTICEUSA,GuestWiFi,40.573439,-73.9782969999999,05/30/2019
411,1390,Coney Island Beach & Boardwalk,Near,Brooklyn,BK21,Seagate-Coney Island,19,ALTICEUSA,GuestWiFi,40.5734319999999,-73.9785099999999,05/30/2019
412,1391,Coney Island Beach & Boardwalk,Near,Brooklyn,BK21,Seagate-Coney Island,19,ALTICEUSA,GuestWiFi,40.5733809999999,-73.9788719999999,05/30/2019
413,1392,Coney Island Beach & Boardwalk,Near,Brooklyn,BK21,Seagate-Coney Island,19,ALTICEUSA,GuestWiFi,40.5733839999999,-73.978937,05/30/2019
414,1393,Coney Island Beach & Boardwalk,Near,Brooklyn,BK21,Seagate-Coney Island,19,ALTICEUSA,GuestWiFi,40.5733839999999,-73.978937,05/30/2019
415,1394,Coney Island Beach & Boardwalk,Near,Brooklyn,BK21,Seagate-Coney Island,19,ALTICEUSA,GuestWiFi,40.5734279999999,-73.979853,05/30/2019
416,1395,Coney Island Beach & Boardwalk,Near,Brooklyn,BK21,Seagate-Coney Island,19,ALTICEUSA,GuestWiFi,40.57341,-73.980344,05/30/2019
417,1396,Coney Island Beach & Boardwalk,Near,Brooklyn,BK21,Seagate-Coney Island,19,ALTICEUSA,GuestWiFi,40.5732759999999,-73.979855,05/30/2019
418,1397,Coney Island Beach & Boardwalk,Near,Brooklyn,BK21,Seagate-Coney Island,19,ALTICEUSA,GuestWiFi,40.5732659999999,-73.980012,05/30/2019
419,1398,Coney Island Beach & Boardwalk,Near,Brooklyn,BK21,Seagate-Coney Island,19,ALTICEUSA,GuestWiFi,40.573253,-73.9801429999999,05/30/2019
420,1399,Coney Island Beach & Boardwalk,Near,Brooklyn,BK21,Seagate-Coney Island,19,ALTICEUSA,GuestWiFi,40.573227,-73.980356,05/30/2019
421,1406,Crotona Park,Near,Bronx,BX35,Morrisania-Melrose,16,ALTICEUSA,GuestWiFi,40.8344799999999,-73.8975819999999,05/30/2019
422,1407,Crotona Park,Near,Bronx,BX35,Morrisania-Melrose,16,ALTICEUSA,GuestWiFi,40.834623,-73.898171,05/30/2019
423,1418,Crotona Park,Near,Bronx,BX17,East Tremont,16,ALTICEUSA,GuestWiFi,40.8397089999999,-73.8874639999999,05/30/2019
424,1419,Crotona Park,Near,Bronx,BX99,park-cemetery-etc-Bronx,16,ALTICEUSA,GuestWiFi,40.8397099999999,-73.8877569999999,05/30/2019
425,1423,Crotona Park,Near,Bronx,BX01,Claremont-Bathgate,16,ALTICEUSA,GuestWiFi,40.8406639999999,-73.8983719999999,05/30/2019
426,1590,Crotona Park,Near,Bronx,BX17,East Tremont,16,ALTICEUSA,GuestWiFi,40.8407059999999,-73.8913979999999,05/30/2019
427,1592,Crotona Park,Near,Bronx,BX17,East Tremont,16,ALTICEUSA,GuestWiFi,40.8412,-73.8919,05/30/2019
428,1593,Crotona Park,Near,Bronx,BX17,East Tremont,16,ALTICEUSA,GuestWiFi,40.8416259999999,-73.8929609999999,05/30/2019
429,1594,Crotona Park,Near,Bronx,BX99,park-cemetery-etc-Bronx,16,ALTICEUSA,GuestWiFi,40.8416929999999,-73.894399,05/30/2019
430,1595,Crotona Park,Near,Bronx,BX99,park-cemetery-etc-Bronx,16,ALTICEUSA,GuestWiFi,40.8418199999999,-73.894281,05/30/2019
431,1596,Crotona Park,Near,Bronx,BX28,Van Cortlandt Village,16,ALTICEUSA,GuestWiFi,40.8814769999999,-73.897951,05/30/2019
432,2107,Crotona Park,Near,Bronx,BX99,park-cemetery-etc-Bronx,16,ALTICEUSA,GuestWiFi,40.842046,-73.8940939999999,05/30/2019
433,2078,Cunningham Park,Near,Queens,QN41,Fresh Meadows-Utopia,3,SPECTRUM,GuestWiFi,40.730423,-73.777129,05/30/2019
434,808,Cunningham Park,Near,Queens,QN41,Fresh Meadows-Utopia,3,SPECTRUM,GuestWiFi,40.7312099999999,-73.774084,05/30/2019
435,809,Cunningham Park,Near,Queens,QN41,Fresh Meadows-Utopia,3,SPECTRUM,GuestWiFi,40.730544,-73.776718,05/30/2019
436,812,Cunningham Park,Near,Queens,QN99,park-cemetery-etc-Queens,3,SPECTRUM,GuestWiFi,40.7268109999999,-73.775861,05/30/2019
437,814,Dante Park,Near,Manhattan,MN14,Lincoln Square,1,SPECTRUM,GuestWiFi,40.772005,-73.9823839999999,05/30/2019
438,816,Elmhurst Park,Near,Queens,QN29,Elmhurst,3,SPECTRUM,GuestWiFi,40.730822,-73.8844789999999,05/30/2019
439,817,Elmhurst Park,Near,Queens,QN29,Elmhurst,3,SPECTRUM,GuestWiFi,40.7304889999999,-73.8842,05/30/2019
440,818,Elmhurst Park,Near,Queens,QN29,Elmhurst,3,SPECTRUM,GuestWiFi,40.728838,-73.883751,05/30/2019
441,1597,Ferry Point Park,Near,Bronx,BX09,Soundview-Castle Hill-Clason Point-Harding Park,2,ALTICEUSA,GuestWiFi,40.816436,-73.8382919999999,05/30/2019
442,1598,Ferry Point Park,Near,Bronx,BX52,Schuylerville-Throgs Neck-Edgewater Park,2,ALTICEUSA,GuestWiFi,40.8215989999999,-73.826654,05/30/2019
443,1599,Ferry Point Park,Near,Bronx,BX52,Schuylerville-Throgs Neck-Edgewater Park,2,ALTICEUSA,GuestWiFi,40.8210679999999,-73.82621,05/30/2019
444,1600,Ferry Point Park,Near,Bronx,BX52,Schuylerville-Throgs Neck-Edgewater Park,2,ALTICEUSA,GuestWiFi,40.820619,-73.825839,05/30/2019
445,1601,Ferry Point Park,Near,Bronx,BX52,Schuylerville-Throgs Neck-Edgewater Park,2,ALTICEUSA,GuestWiFi,40.818063,-73.8238699999999,05/30/2019
446,1602,Ferry Point Park,Near,Bronx,BX52,Schuylerville-Throgs Neck-Edgewater Park,2,ALTICEUSA,GuestWiFi,40.8177319999999,-73.8236799999999,05/30/2019
447,1603,Ferry Point Park,Near,Bronx,BX09,Soundview-Castle Hill-Clason Point-Harding Park,2,ALTICEUSA,GuestWiFi,40.816356999999996,-73.837449,05/30/2019
448,1606,Ferry Point Park,Near,Bronx,BX52,Schuylerville-Throgs Neck-Edgewater Park,2,ALTICEUSA,GuestWiFi,40.818752,-73.82456,05/30/2019
449,1607,Fox Playground,Near,Bronx,BX33,Longwood,1,ALTICEUSA,GuestWiFi,40.8146899999999,-73.8985019999999,05/30/2019
450,819,Gertrude Ederle Recreation Center,Near,Manhattan,MN14,Lincoln Square,6,SPECTRUM,GuestWiFi,40.771442,-73.9881089999999,05/30/2019
451,820,Gertrude Ederle Recreation Center,Near,Manhattan,MN14,Lincoln Square,6,SPECTRUM,GuestWiFi,40.771442,-73.9881089999999,05/30/2019
452,821,Gertrude Ederle Recreation Center,Near,Manhattan,MN14,Lincoln Square,6,SPECTRUM,GuestWiFi,40.771442,-73.9881089999999,05/30/2019
453,822,Gertrude Ederle Recreation Center,Near,Manhattan,MN14,Lincoln Square,6,SPECTRUM,GuestWiFi,40.771442,-73.9881089999999,05/30/2019
454,823,Gertrude Ederle Recreation Center,Near,Manhattan,MN14,Lincoln Square,6,SPECTRUM,GuestWiFi,40.771442,-73.9881089999999,05/30/2019
455,824,Gertrude Ederle Recreation Center,Near,Manhattan,MN14,Lincoln Square,6,SPECTRUM,GuestWiFi,40.771442,-73.9881089999999,05/30/2019
456,9425,Governors Island,Near,Manhattan,MN99,Governors Island,30,Fiberless,Governors Island,40.69039,-74.0199599999999,05/30/2019
457,9426,Governors Island,Near,Manhattan,MN99,Governors Island,30,Fiberless,Governors Island,40.69013,-74.0193399999999,05/30/2019
458,9427,Governors Island,Near,Manhattan,MN99,Governors Island,30,Fiberless,Governors Island,40.69071,-74.01957,05/30/2019
459,9428,Governors Island,Near,Manhattan,MN99,Governors Island,30,Fiberless,Governors Island,40.69026,-74.0191499999999,05/30/2019
460,9429,Governors Island,Near,Manhattan,MN99,Governors Island,30,Fiberless,Governors Island,40.68919,-74.0182599999999,05/30/2019
461,9430,Governors Island,Near,Manhattan,MN99,Governors Island,30,Fiberless,Governors Island,40.6893299999999,-74.01805,05/30/2019
462,9431,Governors Island,Near,Manhattan,MN99,Governors Island,30,Fiberless,Governors Island,40.6885499999999,-74.0181199999999,05/30/2019
463,9432,Governors Island,Near,Manhattan,MN99,Governors Island,30,Fiberless,Governors Island,40.68816,-74.0180399999999,05/30/2019
464,9439,Governors Island,Near,Manhattan,MN99,Governors Island,30,Fiberless,Governors Island,40.6927499999999,-74.0161999999999,05/30/2019
465,9440,Governors Island,Near,Manhattan,MN99,Governors Island,30,Fiberless,Governors Island,40.69272,-74.01578,05/30/2019
466,9441,Governors Island,Near,Manhattan,MN99,Governors Island,30,Fiberless,Governors Island,40.6887299999999,-74.01733,05/30/2019
467,9442,Governors Island,Near,Manhattan,MN99,Governors Island,30,Fiberless,Governors Island,40.6925299999999,-74.0145399999999,05/30/2019
468,9443,Governors Island,Near,Manhattan,MN99,Governors Island,30,Fiberless,Governors Island,40.6902299999999,-74.01465,05/30/2019
469,9444,Governors Island,Near,Manhattan,MN99,Governors Island,30,Fiberless,Governors Island,40.69017,-74.0144399999999,05/30/2019
470,9445,Governors Island,Near,Manhattan,MN99,Governors Island,30,Fiberless,Governors Island,40.68959,-74.0134,05/30/2019
471,9446,Governors Island,Near,Manhattan,MN99,Governors Island,30,Fiberless,Governors Island,40.68934,-74.0146699999999,05/30/2019
472,9447,Governors Island,Near,Manhattan,MN99,Governors Island,30,Fiberless,Governors Island,40.6885699999999,-74.0147,05/30/2019
473,9448,Governors Island,Near,Manhattan,MN99,Governors Island,30,Fiberless,Governors Island,40.69274,-74.0147699999999,05/30/2019
474,9449,Governors Island,Near,Manhattan,MN99,Governors Island,30,Fiberless,Governors Island,40.6886,-74.0145499999999,05/30/2019
475,9450,Governors Island,Near,Manhattan,MN99,Governors Island,30,Fiberless,Governors Island,40.6923099999999,-74.01475,05/30/2019
476,9451,Governors Island,Near,Manhattan,MN99,Governors Island,30,Fiberless,Governors Island,40.6903399999999,-74.01314,05/30/2019
477,9452,Governors Island,Near,Manhattan,MN99,Governors Island,30,Fiberless,Governors Island,40.6904099999999,-74.0176699999999,05/30/2019
478,9453,Governors Island,Near,Manhattan,MN99,Governors Island,30,Fiberless,Governors Island,40.6891999999999,-74.0169599999999,05/30/2019
479,9454,Governors Island,Near,Manhattan,MN99,Governors Island,30,Fiberless,Governors Island,40.6903199999999,-74.01331,05/30/2019
480,9433,Governors Island,Near,Manhattan,MN99,Governors Island,30,Fiberless,Governors Island,40.6865499999999,-74.0209799999999,05/30/2019
481,9434,Governors Island,Near,Manhattan,MN99,Governors Island,30,Fiberless,Governors Island,40.6884599999999,-74.0225499999999,05/30/2019
482,9435,Governors Island,Near,Manhattan,MN99,Governors Island,30,Fiberless,Governors Island,40.68923,-74.02185,05/30/2019
483,9436,Governors Island,Near,Manhattan,MN99,Governors Island,30,Fiberless,Governors Island,40.68726,-74.0225099999999,05/30/2019
484,9437,Governors Island,Near,Manhattan,MN99,Governors Island,30,Fiberless,Governors Island,40.6863,-74.0240199999999,05/30/2019
485,9438,Governors Island,Near,Manhattan,MN99,Governors Island,30,Fiberless,Governors Island,40.6851699999999,-74.02526,05/30/2019
486,1608,Gravesend Park,Near,Brooklyn,BK88,Borough Park,3,ALTICEUSA,GuestWiFi,40.623001,-73.984689,05/30/2019
487,1611,Gravesend Park,Near,Brooklyn,BK88,Borough Park,3,ALTICEUSA,GuestWiFi,40.6242439999999,-73.9844039999999,05/30/2019
488,1614,Gun Hill Playground,Near,Bronx,BX44,Williamsbridge-Olinville,1,ALTICEUSA,GuestWiFi,40.8747789999999,-73.8650049999999,05/30/2019
489,1615,Haffen Park,Near,Bronx,BX03,Eastchester-Edenwald-Baychester,5,ALTICEUSA,GuestWiFi,40.87322,-73.8378249999999,05/30/2019
490,1616,Haffen Park,Near,Bronx,BX03,Eastchester-Edenwald-Baychester,5,ALTICEUSA,GuestWiFi,40.8726759999999,-73.8394779999999,05/30/2019
491,1617,Haffen Park,Near,Bronx,BX03,Eastchester-Edenwald-Baychester,5,ALTICEUSA,GuestWiFi,40.87364,-73.840586,05/30/2019
492,1618,Haffen Park,Near,Bronx,BX03,Eastchester-Edenwald-Baychester,5,ALTICEUSA,GuestWiFi,40.874777,-73.8391809999999,05/30/2019
493,2124,Haffen Park,Near,Bronx,BX03,Eastchester-Edenwald-Baychester,5,ALTICEUSA,GuestWiFi,40.872936,-73.838671,05/30/2019
494,55,Hansborough Recreation Center,Near,Manhattan,MN03,Central Harlem North-Polo Grounds,8,SPECTRUM,GuestWiFi,40.8126809999999,-73.939357,05/30/2019
495,56,Hansborough Recreation Center,Near,Manhattan,MN03,Central Harlem North-Polo Grounds,8,SPECTRUM,GuestWiFi,40.8126809999999,-73.939357,05/30/2019
496,57,Hansborough Recreation Center,Near,Manhattan,MN03,Central Harlem North-Polo Grounds,8,SPECTRUM,GuestWiFi,40.8126809999999,-73.939357,05/30/2019
497,58,Hansborough Recreation Center,Near,Manhattan,MN03,Central Harlem North-Polo Grounds,8,SPECTRUM,GuestWiFi,40.8126809999999,-73.939357,05/30/2019
498,59,Hansborough Recreation Center,Near,Manhattan,MN03,Central Harlem North-Polo Grounds,8,SPECTRUM,GuestWiFi,40.8126809999999,-73.939357,05/30/2019
499,60,Hansborough Recreation Center,Near,Manhattan,MN03,Central Harlem North-Polo Grounds,8,SPECTRUM,GuestWiFi,40.8126809999999,-73.939357,05/30/2019
500,61,Hansborough Recreation Center,Near,Manhattan,MN03,Central Harlem North-Polo Grounds,8,SPECTRUM,GuestWiFi,40.8126809999999,-73.939357,05/30/2019
501,2111,Hansborough Recreation Center,Near,Manhattan,MN03,Central Harlem North-Polo Grounds,8,SPECTRUM,GuestWiFi,40.8126809999999,-73.939357,05/30/2019
502,62,Hoffman Park,Near,Queens,QN29,Elmhurst,2,SPECTRUM,GuestWiFi,40.733142,-73.870981,05/30/2019
503,63,Hoffman Park,Near,Queens,QN29,Elmhurst,2,SPECTRUM,GuestWiFi,40.733186,-73.8711279999999,05/30/2019
504,1622,Horseshoe Playground,Near,Bronx,BX33,Longwood,1,ALTICEUSA,GuestWiFi,40.824255,-73.8979099999999,05/30/2019
505,64,Hunter's Point South Park,Near,Queens,QN31,Hunters Point-Sunnyside-West Maspeth,2,SPECTRUM,GuestWiFi,40.742094,-73.9612649999999,05/30/2019
506,65,Hunter's Point South Park,Near,Queens,QN31,Hunters Point-Sunnyside-West Maspeth,2,SPECTRUM,GuestWiFi,40.7419939999999,-73.961256,05/30/2019
507,132,J. Hood Wright Park,Near,Manhattan,MN36,Washington Heights South,6,SPECTRUM,GuestWiFi,40.8464439999999,-73.939981,05/30/2019
508,176,Juniper Valley Park,Near,Queens,QN21,Middle Village,3,SPECTRUM,GuestWiFi,40.7188119999999,-73.88536,05/30/2019
509,180,Juniper Valley Park,Near,Queens,QN21,Middle Village,3,SPECTRUM,GuestWiFi,40.7192099999999,-73.8853349999999,05/30/2019
510,1222,Juniper Valley Park,Near,Queens,QN21,Middle Village,3,SPECTRUM,GuestWiFi,40.720508,-73.884938,05/30/2019
511,1223,Juniper Valley Park,Near,Queens,QN21,Middle Village,3,SPECTRUM,GuestWiFi,40.7182239999999,-73.882524,05/30/2019
512,1224,Juniper Valley Park,Near,Queens,QN21,Middle Village,3,SPECTRUM,GuestWiFi,40.7197,-73.8771189999999,05/30/2019
513,1643,Kissena Park,Near,Queens,QN62,Queensboro Hill,13,SPECTRUM,GuestWiFi,40.7436999999999,-73.8173199999999,05/30/2019
514,1644,Kissena Park,Near,Queens,QN99,park-cemetery-etc-Queens,13,SPECTRUM,GuestWiFi,40.7436599999999,-73.8139599999999,05/30/2019
515,1647,Kissena Park,Near,Queens,QN99,park-cemetery-etc-Queens,13,SPECTRUM,GuestWiFi,40.7454899999999,-73.8135699999999,05/30/2019
516,1648,Kissena Park,Near,Queens,QN62,Queensboro Hill,13,SPECTRUM,GuestWiFi,40.7424299999999,-73.8115099999999,05/30/2019
517,1650,Kissena Park,Near,Queens,QN99,park-cemetery-etc-Queens,13,SPECTRUM,GuestWiFi,40.74381,-73.80419,05/30/2019
518,1651,Kissena Park,Near,Queens,QN62,Queensboro Hill,13,SPECTRUM,GuestWiFi,40.7419099999999,-73.80816,05/30/2019
519,1652,Kissena Park,Near,Queens,QN99,park-cemetery-etc-Queens,13,SPECTRUM,GuestWiFi,40.74589,-73.80342,05/30/2019
520,925,Kissena Park,Near,Queens,QN52,East Flushing,13,SPECTRUM,GuestWiFi,40.7472599999999,-73.8028599999999,05/30/2019
521,926,Kissena Park,Near,Queens,QN52,East Flushing,13,SPECTRUM,GuestWiFi,40.7491399999999,-73.8027,05/30/2019
522,927,Kissena Park,Near,Queens,QN52,East Flushing,13,SPECTRUM,GuestWiFi,40.75,-73.8050599999999,05/30/2019
523,928,Kissena Park,Near,Queens,QN52,East Flushing,13,SPECTRUM,GuestWiFi,40.7501699999999,-73.80719,05/30/2019
524,929,Kissena Park,Near,Queens,QN99,park-cemetery-etc-Queens,13,SPECTRUM,GuestWiFi,40.74761,-73.8117,05/30/2019
525,932,Kissena Park,Near,Queens,QN22,Flushing,13,SPECTRUM,GuestWiFi,40.74756,-73.81815,05/30/2019
526,1331,Lawrence Virgilio Playground /Windmuller Park,Near,Queens,QN63,Woodside,4,SPECTRUM,GuestWiFi,40.7462379999999,-73.9094149999999,05/30/2019
527,1332,Lawrence Virgilio Playground /Windmuller Park,Near,Queens,QN63,Woodside,4,SPECTRUM,GuestWiFi,40.745691,-73.907408,05/30/2019
528,1333,Lawrence Virgilio Playground /Windmuller Park,Near,Queens,QN63,Woodside,4,SPECTRUM,GuestWiFi,40.746853,-73.9088799999999,05/30/2019
529,1334,Lawrence Virgilio Playground /Windmuller Park,Near,Queens,QN63,Woodside,4,SPECTRUM,GuestWiFi,40.74745,-73.9095319999999,05/30/2019
530,1225,London Planetree Playground,Near,Queens,QN53,Woodhaven,4,SPECTRUM,GuestWiFi,40.685616,-73.8528819999999,05/30/2019
531,1226,London Planetree Playground,Near,Queens,QN53,Woodhaven,4,SPECTRUM,GuestWiFi,40.6862449999999,-73.8538539999999,05/30/2019
532,1227,London Planetree Playground,Near,Queens,QN53,Woodhaven,4,SPECTRUM,GuestWiFi,40.6870729999999,-73.853153,05/30/2019
533,1228,London Planetree Playground,Near,Queens,QN53,Woodhaven,4,SPECTRUM,GuestWiFi,40.686889,-73.8540349999999,05/30/2019
534,1230,Lost Battalion Hall Recreation Center,Near,Queens,QN18,Rego Park,3,SPECTRUM,GuestWiFi,40.732253,-73.8656229999999,05/30/2019
535,1231,Lost Battalion Hall Recreation Center,Near,Queens,QN18,Rego Park,3,SPECTRUM,GuestWiFi,40.732686,-73.865119,05/30/2019
536,729,Macombs Dam Park,Near,Bronx,BX63,West Concourse,6,ALTICEUSA,GuestWiFi,40.827868,-73.9269029999999,05/30/2019
537,730,Macombs Dam Park,Near,Bronx,BX63,West Concourse,6,ALTICEUSA,GuestWiFi,40.828149,-73.927457,05/30/2019
538,733,Manhattan Beach Park,Near,Brooklyn,BK17,Sheepshead Bay-Gerritsen Beach-Manhattan Beach,6,ALTICEUSA,GuestWiFi,40.5777599999999,-73.94556,05/30/2019
539,734,Manhattan Beach Park,Near,Brooklyn,BK17,Sheepshead Bay-Gerritsen Beach-Manhattan Beach,6,ALTICEUSA,GuestWiFi,40.5779799999999,-73.94355,05/30/2019
540,737,Manhattan Beach Park,Near,Brooklyn,BK17,Sheepshead Bay-Gerritsen Beach-Manhattan Beach,6,ALTICEUSA,GuestWiFi,40.57817,-73.94182,05/30/2019
541,738,Manhattan Beach Park,Near,Brooklyn,BK17,Sheepshead Bay-Gerritsen Beach-Manhattan Beach,6,ALTICEUSA,GuestWiFi,40.57829,-73.94091,05/30/2019
542,739,Manhattan Beach Park,Near,Brooklyn,BK17,Sheepshead Bay-Gerritsen Beach-Manhattan Beach,6,ALTICEUSA,GuestWiFi,40.5784299999999,-73.93907,05/30/2019
543,740,Manhattan Beach Park,Near,Brooklyn,BK17,Sheepshead Bay-Gerritsen Beach-Manhattan Beach,6,ALTICEUSA,GuestWiFi,40.57838,-73.93992,05/30/2019
544,741,Manhattan Beach Park,Near,Brooklyn,BK17,Sheepshead Bay-Gerritsen Beach-Manhattan Beach,6,ALTICEUSA,GuestWiFi,40.57811,-73.9427299999999,05/30/2019
545,742,Manhattan Beach Park,Near,Brooklyn,BK17,Sheepshead Bay-Gerritsen Beach-Manhattan Beach,6,ALTICEUSA,GuestWiFi,40.5778699999999,-73.9445999999999,05/30/2019
546,744,Manhattan Beach Park,Near,Brooklyn,BK17,Sheepshead Bay-Gerritsen Beach-Manhattan Beach,6,ALTICEUSA,GuestWiFi,40.5760999999999,-73.9469799999999,05/30/2019
547,839,Marine Park,Near,Brooklyn,BK99,park-cemetery-etc-Brooklyn,3,ALTICEUSA,GuestWiFi,40.6050079999999,-73.9300269999999,05/30/2019
548,840,Marine Park,Near,Brooklyn,BK45,Georgetown-Marine Park-Bergen Beach-Mill Basin,3,ALTICEUSA,GuestWiFi,40.6060289999999,-73.928466,05/30/2019
549,841,Marine Park,Near,Brooklyn,BK99,park-cemetery-etc-Brooklyn,3,ALTICEUSA,GuestWiFi,40.6043829999999,-73.9310629999999,05/30/2019
550,898,McKinley Park,Near,Brooklyn,BK30,Dyker Heights,1,SPECTRUM,GuestWiFi,40.6253129999999,-74.0173439999999,05/30/2019
551,899,McKinley Park,Near,Brooklyn,BK30,Dyker Heights,1,SPECTRUM,GuestWiFi,40.62588,-74.0165089999999,05/30/2019
552,900,McKinley Park,Near,Brooklyn,BK30,Dyker Heights,1,SPECTRUM,GuestWiFi,40.6263799999999,-74.0157899999999,05/30/2019
553,1347,NYC - Detective Keith Williams Park,Near,Queens,QN01,South Jamaica,6,SPECTRUM,GuestWiFi,40.70389,-73.7857049999999,05/30/2019
554,1348,NYC - Detective Keith Williams Park,Near,Queens,QN01,South Jamaica,6,SPECTRUM,GuestWiFi,40.7029819999999,-73.785122,05/30/2019
555,1349,NYC - Detective Keith Williams Park,Near,Queens,QN01,South Jamaica,6,SPECTRUM,GuestWiFi,40.702057,-73.784529,05/30/2019
556,1350,NYC - Detective Keith Williams Park,Near,Queens,QN01,South Jamaica,6,SPECTRUM,GuestWiFi,40.7027069999999,-73.7835939999999,05/30/2019
557,1351,NYC - Detective Keith Williams Park,Near,Queens,QN01,South Jamaica,6,SPECTRUM,GuestWiFi,40.7033729999999,-73.7839239999999,05/30/2019
558,1352,NYC - Detective Keith Williams Park,Near,Queens,QN01,South Jamaica,6,SPECTRUM,GuestWiFi,40.7042649999999,-73.7845619999999,05/30/2019
559,6,Pelham Bay Park,Near,Bronx,BX10,Pelham Bay-Country Club-City Island,4,ALTICEUSA,GuestWiFi,40.8463139999999,-73.824472,05/30/2019
560,7,Pelham Bay Park,Near,Bronx,BX99,park-cemetery-etc-Bronx,4,ALTICEUSA,GuestWiFi,40.847596,-73.82223,05/30/2019
561,8,Pelham Bay Park,Near,Bronx,BX10,Pelham Bay-Country Club-City Island,4,ALTICEUSA,GuestWiFi,40.848159,-73.821071,05/30/2019
562,9,Pelham Bay Park,Near,Bronx,BX10,Pelham Bay-Country Club-City Island,4,ALTICEUSA,GuestWiFi,40.848322,-73.82075,05/30/2019
563,2098,Pelham Bay Park,Near,Bronx,BX10,Pelham Bay-Country Club-City Island,4,ALTICEUSA,GuestWiFi,40.8470999999999,-73.8229919999999,05/30/2019
564,2110,Pelham Bay Park,Near,Bronx,BX10,Pelham Bay-Country Club-City Island,4,ALTICEUSA,GuestWiFi,40.846606,-73.823952,05/30/2019
565,845,Pelham Bay Park,Near,Bronx,BX10,Pelham Bay-Country Club-City Island,4,ALTICEUSA,GuestWiFi,40.846052,-73.82495,05/30/2019
566,1340,"Phil ""Scooter"" Rizzuto Park",Near,Queens,QN54,Richmond Hill,5,SPECTRUM,GuestWiFi,40.6940949999999,-73.8213339999999,05/30/2019
567,1341,"Phil ""Scooter"" Rizzuto Park",Near,Queens,QN54,Richmond Hill,5,SPECTRUM,GuestWiFi,40.6941649999999,-73.8223679999999,05/30/2019
568,1342,"Phil ""Scooter"" Rizzuto Park",Near,Queens,QN54,Richmond Hill,5,SPECTRUM,GuestWiFi,40.6950769999999,-73.822817,05/30/2019
569,1343,"Phil ""Scooter"" Rizzuto Park",Near,Queens,QN54,Richmond Hill,5,SPECTRUM,GuestWiFi,40.6946239999999,-73.820593,05/30/2019
570,1344,"Phil ""Scooter"" Rizzuto Park",Near,Queens,QN54,Richmond Hill,5,SPECTRUM,GuestWiFi,40.695132,-73.820841,05/30/2019
571,1743,Railroad Park,Near,Queens,QN08,St. Albans,3,SPECTRUM,GuestWiFi,40.6759789999999,-73.765364,05/30/2019
572,1744,Railroad Park,Near,Queens,QN08,St. Albans,3,SPECTRUM,GuestWiFi,40.6794719999999,-73.7706929999999,05/30/2019
573,1745,Railroad Park,Near,Queens,QN08,St. Albans,3,SPECTRUM,GuestWiFi,40.679963,-73.767752,05/30/2019
574,32,Ranaqua Park,Near,Bronx,BX37,Van Nest-Morris Park-Westchester Square,2,ALTICEUSA,GuestWiFi,40.8445899999999,-73.8598,05/30/2019
575,33,Ranaqua Park,Near,Bronx,BX37,Van Nest-Morris Park-Westchester Square,2,ALTICEUSA,GuestWiFi,40.8445899999999,-73.8598,05/30/2019
576,1244,Recreation Center 54,Near,Manhattan,MN19,Turtle Bay-East Midtown,3,SPECTRUM,GuestWiFi,40.757418,-73.965084,05/30/2019
577,1245,Recreation Center 54,Near,Manhattan,MN19,Turtle Bay-East Midtown,3,SPECTRUM,GuestWiFi,40.757418,-73.965084,05/30/2019
578,2529,Recreation Center 54,Near,Manhattan,MN19,Turtle Bay-East Midtown,3,SPECTRUM,GuestWiFi,40.757418,-73.965084,05/30/2019
579,552,Red Hook Park,Near,Brooklyn,BK33,Carroll Gardens-Columbia Street-Red Hook,6,SPECTRUM,GuestWiFi,40.672583,-74.005544,05/30/2019
580,553,Red Hook Park,Near,Brooklyn,BK33,Carroll Gardens-Columbia Street-Red Hook,6,SPECTRUM,GuestWiFi,40.673349,-74.0082349999999,05/30/2019
581,554,Red Hook Park,Near,Brooklyn,BK33,Carroll Gardens-Columbia Street-Red Hook,6,SPECTRUM,GuestWiFi,40.673031,-74.00485,05/30/2019
582,555,Red Hook Park,Near,Brooklyn,BK33,Carroll Gardens-Columbia Street-Red Hook,6,SPECTRUM,GuestWiFi,40.672969,-74.006915,05/30/2019
583,556,Red Hook Park,Near,Brooklyn,BK33,Carroll Gardens-Columbia Street-Red Hook,6,SPECTRUM,GuestWiFi,40.6722139999999,-74.0041449999999,05/30/2019
584,557,Red Hook Park,Near,Brooklyn,BK33,Carroll Gardens-Columbia Street-Red Hook,6,SPECTRUM,GuestWiFi,40.6711669999999,-74.0036879999999,05/30/2019
585,563,Richard Tucker Square,Near,Manhattan,MN14,Lincoln Square,1,SPECTRUM,GuestWiFi,40.7735419999999,-73.981774,05/30/2019
586,567,Rockaway Beach and Boardwalk,Near,Queens,QN12,Hammels-Arverne-Edgemere,2,SPECTRUM,GuestWiFi,40.5845509999999,-73.8110029999999,05/30/2019
587,569,Rockaway Beach and Boardwalk,Near,Queens,QN12,Hammels-Arverne-Edgemere,2,SPECTRUM,GuestWiFi,40.584727,-73.8106829999999,05/30/2019
588,1256,Rockaway Beach and Boardwalk,Near,Queens,QN10,Breezy Point-Belle Harbor-Rockaway Park-Broad Channel,2,SPECTRUM,GuestWiFi,40.5799859999999,-73.8298549999999,05/30/2019
589,1261,Rockaway Beach and Boardwalk,Near,Queens,QN15,Far Rockaway-Bayswater,2,SPECTRUM,GuestWiFi,40.596479,-73.744988,05/30/2019
590,1262,Rockaway Beach and Boardwalk,Near,Queens,QN15,Far Rockaway-Bayswater,2,SPECTRUM,GuestWiFi,40.5963739999999,-73.745389,05/30/2019
591,1263,Rockaway Beach and Boardwalk,Near,Queens,QN15,Far Rockaway-Bayswater,2,SPECTRUM,GuestWiFi,40.596321,-73.7457909999999,05/30/2019
592,1264,Rockaway Beach and Boardwalk,Near,Queens,QN15,Far Rockaway-Bayswater,2,SPECTRUM,GuestWiFi,40.5961969999999,-73.746262,05/30/2019
593,1265,Rockaway Beach and Boardwalk,Near,Queens,QN15,Far Rockaway-Bayswater,2,SPECTRUM,GuestWiFi,40.595714,-73.747247,05/30/2019
594,1266,Rockaway Beach and Boardwalk,Near,Queens,QN15,Far Rockaway-Bayswater,2,SPECTRUM,GuestWiFi,40.595592,-73.747612,05/30/2019
595,36,Seton Falls Park,Near,Bronx,BX03,Eastchester-Edenwald-Baychester,4,ALTICEUSA,GuestWiFi,40.8876369999999,-73.8359509999999,05/30/2019
596,37,Seton Falls Park,Near,Bronx,BX62,Woodlawn-Wakefield,4,ALTICEUSA,GuestWiFi,40.8887829999999,-73.8401329999999,05/30/2019
597,38,Seton Falls Park,Near,Bronx,BX03,Eastchester-Edenwald-Baychester,4,ALTICEUSA,GuestWiFi,40.8852839999999,-73.838521,05/30/2019
598,39,Seton Falls Park,Near,Bronx,BX03,Eastchester-Edenwald-Baychester,4,ALTICEUSA,GuestWiFi,40.886622,-73.8349699999999,05/30/2019
599,1286,Snug Harbor Cultural Center,Near,Staten Island,SI22,West New Brighton-New Brighton-St. George,9,SPECTRUM,GuestWiFi,40.6448159999999,-74.1004429999999,05/30/2019
600,1287,Snug Harbor Cultural Center,Near,Staten Island,SI22,West New Brighton-New Brighton-St. George,9,SPECTRUM,GuestWiFi,40.644885,-74.101038,05/30/2019
601,1288,Snug Harbor Cultural Center,Near,Staten Island,SI22,West New Brighton-New Brighton-St. George,9,SPECTRUM,GuestWiFi,40.6451229999999,-74.101629,05/30/2019
602,1290,Snug Harbor Cultural Center,Near,Staten Island,SI22,West New Brighton-New Brighton-St. George,9,SPECTRUM,GuestWiFi,40.645439,-74.1028799999999,05/30/2019
603,1291,Snug Harbor Cultural Center,Near,Staten Island,SI22,West New Brighton-New Brighton-St. George,9,SPECTRUM,GuestWiFi,40.645453,-74.1033979999999,05/30/2019
604,1300,Sorrentino Recreation Center,Near,Queens,QN15,Far Rockaway-Bayswater,4,SPECTRUM,GuestWiFi,40.6023489999999,-73.7514019999999,05/30/2019
605,1301,Sorrentino Recreation Center,Near,Queens,QN15,Far Rockaway-Bayswater,4,SPECTRUM,GuestWiFi,40.6023489999999,-73.7514019999999,05/30/2019
606,1302,Sorrentino Recreation Center,Near,Queens,QN15,Far Rockaway-Bayswater,4,SPECTRUM,GuestWiFi,40.6023489999999,-73.7514019999999,05/30/2019
607,1303,Sorrentino Recreation Center,Near,Queens,QN15,Far Rockaway-Bayswater,4,SPECTRUM,GuestWiFi,40.6023489999999,-73.7514019999999,05/30/2019
608,45,St. John's Recreation Center,Near,Brooklyn,BK61,Crown Heights North,10,ALTICEUSA,GuestWiFi,40.67343,-73.9346299999999,05/30/2019
609,1283,Staten Island Zoo,Near,Staten Island,SI22,West New Brighton-New Brighton-St. George,3,SPECTRUM,GuestWiFi,40.625382,-74.11457,05/30/2019
610,1284,Staten Island Zoo,Near,Staten Island,SI22,West New Brighton-New Brighton-St. George,3,SPECTRUM,GuestWiFi,40.625756,-74.114738,05/30/2019
611,1285,Staten Island Zoo,Near,Staten Island,SI22,West New Brighton-New Brighton-St. George,3,SPECTRUM,GuestWiFi,40.624698,-74.1142109999999,05/30/2019
612,960,Steeplechase Park,Near,Brooklyn,BK21,Seagate-Coney Island,3,ALTICEUSA,GuestWiFi,40.5761109999999,-73.984734,05/30/2019
613,961,Steeplechase Park,Near,Brooklyn,BK21,Seagate-Coney Island,3,ALTICEUSA,GuestWiFi,40.57585,-73.9835,05/30/2019
614,962,Steeplechase Park,Near,Brooklyn,BK21,Seagate-Coney Island,3,ALTICEUSA,GuestWiFi,40.5756399999999,-73.9856699999999,05/30/2019
615,1304,Tappen Park,Near,Staten Island,SI37,Stapleton-Rosebank,3,SPECTRUM,GuestWiFi,40.6270889999999,-74.0772919999999,05/30/2019
616,1305,Tappen Park,Near,Staten Island,SI37,Stapleton-Rosebank,3,SPECTRUM,GuestWiFi,40.62686,-74.0758479999999,05/30/2019
617,1306,Tappen Park,Near,Staten Island,SI37,Stapleton-Rosebank,3,SPECTRUM,GuestWiFi,40.6265789999999,-74.0761729999999,05/30/2019
618,1315,Tompkinsville Park,Near,Staten Island,SI37,Stapleton-Rosebank,1,SPECTRUM,GuestWiFi,40.637317,-74.0767629999999,05/30/2019
619,848,Vidalia Park,Near,Bronx,BX17,East Tremont,2,ALTICEUSA,GuestWiFi,40.8444679999999,-73.88169,05/30/2019
620,849,Vidalia Park,Near,Bronx,BX17,East Tremont,2,ALTICEUSA,GuestWiFi,40.844141,-73.881968,05/30/2019
621,2105,Washington Square Park,Near,Manhattan,MN23,West Village,8,SPECTRUM,GuestWiFi,40.7302549999999,-73.9979909999999,05/30/2019
622,1320,Washington Square Park,Near,Manhattan,MN23,West Village,8,SPECTRUM,GuestWiFi,40.732142,-73.9986289999999,05/30/2019
623,1321,Washington Square Park,Near,Manhattan,MN23,West Village,8,SPECTRUM,GuestWiFi,40.7318629999999,-73.9977779999999,05/30/2019
624,1322,Washington Square Park,Near,Manhattan,MN23,West Village,8,SPECTRUM,GuestWiFi,40.7313509999999,-73.99684,05/30/2019
625,1323,Washington Square Park,Near,Manhattan,MN23,West Village,8,SPECTRUM,GuestWiFi,40.730975,-73.9960789999999,05/30/2019
626,1324,Washington Square Park,Near,Manhattan,MN23,West Village,8,SPECTRUM,GuestWiFi,40.7298559999999,-73.997476,05/30/2019
627,1325,Washington Square Park,Near,Manhattan,MN23,West Village,8,SPECTRUM,GuestWiFi,40.7303939999999,-73.9984759999999,05/30/2019
628,1326,Washington Square Park,Near,Manhattan,MN23,West Village,8,SPECTRUM,GuestWiFi,40.731844,-73.999042,05/30/2019
629,1746,West 79th Street Boat Basin,Near,Manhattan,MN12,Upper West Side,1,SPECTRUM,GuestWiFi,40.785958,-73.9850749999999,05/30/2019
630,1327,West Harlem Piers,Near,Manhattan,MN06,Manhattanville,2,SPECTRUM,GuestWiFi,40.818499,-73.9596899999999,05/30/2019
631,1328,West Harlem Piers,Near,Manhattan,MN06,Manhattanville,2,SPECTRUM,GuestWiFi,40.82059,-73.9596899999999,05/30/2019
632,854,Williamsbridge Oval,Near,Bronx,BX43,Norwood,5,ALTICEUSA,GuestWiFi,40.8784449999999,-73.8754799999999,05/30/2019
633,855,Williamsbridge Oval,Near,Bronx,BX43,Norwood,5,ALTICEUSA,GuestWiFi,40.8767879999999,-73.8762729999999,05/30/2019
634,857,Williamsbridge Oval,Near,Bronx,BX43,Norwood,5,ALTICEUSA,GuestWiFi,40.876099,-73.877384,05/30/2019
635,858,Williamsbridge Oval,Near,Bronx,BX43,Norwood,5,ALTICEUSA,GuestWiFi,40.8761999999999,-73.8787489999999,05/30/2019
636,5,Wingate Park,Near,Brooklyn,BK60,Prospect Lefferts Gardens-Wingate,2,ALTICEUSA,GuestWiFi,40.6574299999999,-73.9471599999999,05/30/2019
637,2,Wingate Park,Near,Brooklyn,BK60,Prospect Lefferts Gardens-Wingate,2,ALTICEUSA,GuestWiFi,40.658,-73.94723,05/30/2019
638,3,Wingate Park,Near,Brooklyn,BK60,Prospect Lefferts Gardens-Wingate,2,ALTICEUSA,GuestWiFi,40.658,-73.94723,05/30/2019
639,4,Wingate Park,Near,Brooklyn,BK60,Prospect Lefferts Gardens-Wingate,2,ALTICEUSA,GuestWiFi,40.6574299999999,-73.9471599999999,05/30/2019
